{
  "type": "FeatureCollection",
  "license": "public-domain",
  "attribution": "Contours from SRTM 1 arc-second (NASA), the river from the USGS sheet Custer Battlefield 1891 and the National Hydrography Dataset, all public domain; camps and places sited by Marchpast contributors from the accounts.",
  "features": [
    {
      "type": "Feature",
      "properties": {"kind": "land"},
      "geometry": {
        "type": "Polygon",
        "coordinates": [
          [[-107.57,45.38],[-107.05,45.38],[-107.05,45.669999999999995],[-107.57,45.669999999999995],[-107.57,45.38]]
        ]
      }
    },
    {
      "type": "Feature",
      "properties": {"kind": "river"},
      "geometry": {"type": "LineString", "coordinates": [[-107.39772,45.41833],[-107.39842,45.41998],[-107.39633,45.42329],[-107.3965,45.42417],[-107.398,45.42522],[-107.39856,45.42696],[-107.39764,45.42992],[-107.39881,45.43001],[-107.40107,45.4285],[-107.40335,45.43065],[-107.40279,45.43169],[-107.39958,45.43104],[-107.3988,45.43145],[-107.40137,45.43427],[-107.40113,45.43563],[-107.39933,45.43617],[-107.40149,45.43761],[-107.39978,45.43921],[-107.40091,45.43969],[-107.4023,45.43867],[-107.40363,45.43955],[-107.4036,45.44045],[-107.40209,45.44177],[-107.40299,45.4439],[-107.40401,45.44304],[-107.40549,45.443],[-107.40588,45.44213],[-107.40722,45.44232],[-107.40686,45.44503],[-107.40473,45.44532],[-107.40434,45.44595],[-107.40525,45.44671],[-107.40751,45.44642],[-107.40853,45.4473],[-107.40708,45.44797],[-107.40541,45.44752],[-107.40454,45.44797],[-107.4049,45.44887],[-107.40696,45.4495],[-107.40543,45.45091],[-107.40807,45.45103],[-107.40981,45.45217],[-107.41144,45.45047],[-107.41354,45.45139],[-107.4119,45.45676],[-107.41289,45.4573],[-107.41416,45.45677],[-107.4144,45.45737],[-107.41353,45.45991],[-107.41154,45.45965],[-107.41283,45.46115],[-107.4112,45.46147],[-107.40712,45.46021],[-107.40679,45.45787],[-107.40725,45.45625],[-107.40517,45.45578],[-107.40384,45.45647],[-107.40273,45.45925],[-107.40323,45.46007],[-107.4061,45.46129],[-107.40627,45.46224],[-107.40349,45.46401],[-107.40339,45.46486],[-107.40447,45.46529],[-107.40612,45.46413],[-107.40877,45.46368],[-107.41064,45.46487],[-107.41049,45.46569],[-107.40959,45.46607],[-107.40504,45.4663],[-107.40405,45.46822],[-107.40567,45.46849],[-107.406,45.46947],[-107.4029,45.46991],[-107.40339,45.47062],[-107.40839,45.4708],[-107.40743,45.4718],[-107.40359,45.47202],[-107.40388,45.47266],[-107.40689,45.47384],[-107.40365,45.47461],[-107.40338,45.47551],[-107.40781,45.47471],[-107.40832,45.47508],[-107.40727,45.476],[-107.40446,45.47599],[-107.40276,45.47764],[-107.40524,45.47814],[-107.40586,45.47953],[-107.40775,45.47982],[-107.40794,45.48053],[-107.40485,45.4812],[-107.40293,45.48233],[-107.40394,45.48316],[-107.40428,45.48653],[-107.40381,45.48691],[-107.40222,45.48726],[-107.40004,45.48597],[-107.39807,45.48589],[-107.39887,45.48708],[-107.39842,45.48922],[-107.39635,45.48902],[-107.3958,45.48972],[-107.39431,45.48836],[-107.39238,45.48776],[-107.39288,45.49026],[-107.39448,45.49021],[-107.3985,45.49195],[-107.39677,45.49342],[-107.39414,45.49396],[-107.39415,45.49455],[-107.39309,45.49637],[-107.38962,45.49664],[-107.38603,45.49856],[-107.38778,45.49913],[-107.38987,45.49885],[-107.39039,45.50004],[-107.3882,45.50033],[-107.38699,45.50166],[-107.38554,45.50207],[-107.38484,45.50179],[-107.38374,45.49968],[-107.38288,45.49944],[-107.37961,45.50063],[-107.38206,45.50248],[-107.3784,45.50217],[-107.376,45.50402],[-107.37593,45.50484],[-107.37708,45.50546],[-107.38006,45.50403],[-107.38101,45.50422],[-107.38155,45.50583],[-107.37832,45.50711],[-107.37982,45.50749],[-107.38122,45.50688],[-107.38343,45.50853],[-107.38251,45.50961],[-107.37983,45.50808],[-107.3788,45.50821],[-107.37839,45.50895],[-107.38025,45.51135],[-107.38305,45.51093],[-107.38442,45.51162],[-107.38281,45.51311],[-107.38005,45.51287],[-107.37983,45.51458],[-107.38114,45.51679],[-107.3833,45.51737],[-107.38367,45.51871],[-107.3858,45.51852],[-107.38712,45.51956],[-107.38718,45.5208],[-107.38409,45.52055],[-107.385,45.52301],[-107.38759,45.52287],[-107.38816,45.52357],[-107.38779,45.52518],[-107.39181,45.52634],[-107.39395,45.52497],[-107.39303,45.52388],[-107.39323,45.52339],[-107.39496,45.52315],[-107.39769,45.52393],[-107.39935,45.52554],[-107.39666,45.52637],[-107.3962,45.5277],[-107.39841,45.52911],[-107.39953,45.52872],[-107.40018,45.52651],[-107.40181,45.52582],[-107.40608,45.52683],[-107.40664,45.52757],[-107.40371,45.52841],[-107.4032,45.52949],[-107.40703,45.53213],[-107.40862,45.53186],[-107.40716,45.53004],[-107.40869,45.52848],[-107.41389,45.5293],[-107.41429,45.53048],[-107.41155,45.5324],[-107.40999,45.53255],[-107.4094,45.53384],[-107.4077,45.53485],[-107.40752,45.53586],[-107.40858,45.53649],[-107.41316,45.53475],[-107.41677,45.53526],[-107.41756,45.53671],[-107.41556,45.53811],[-107.41385,45.53852],[-107.41401,45.54049],[-107.41312,45.54116],[-107.41149,45.54095],[-107.40999,45.53983],[-107.40886,45.53997],[-107.40991,45.54271],[-107.4145,45.54649],[-107.41564,45.54858],[-107.41775,45.54975],[-107.42081,45.55036],[-107.42087,45.5519],[-107.42599,45.55584],[-107.43049,45.55569],[-107.43081,45.55635],[-107.42973,45.55721],[-107.43153,45.55882],[-107.43293,45.56117],[-107.43637,45.55875],[-107.4393,45.55993],[-107.43891,45.56098],[-107.4361,45.56208],[-107.43663,45.56299],[-107.4385,45.56339],[-107.43899,45.56563],[-107.43993,45.56586],[-107.44063,45.56487],[-107.4428,45.56377],[-107.44516,45.56425],[-107.44542,45.56529],[-107.44201,45.56665],[-107.44287,45.56817],[-107.44261,45.56905],[-107.44364,45.56735],[-107.44588,45.56908],[-107.44748,45.56953],[-107.45467,45.56736],[-107.45625,45.56948],[-107.45851,45.56917],[-107.45887,45.57014],[-107.4567,45.57134],[-107.45513,45.57105],[-107.4551,45.57234],[-107.46055,45.57297],[-107.46189,45.57432],[-107.46088,45.57517],[-107.46307,45.57611],[-107.46139,45.57689],[-107.46202,45.57765],[-107.46693,45.57732],[-107.46567,45.57869],[-107.46325,45.57821],[-107.46307,45.57917],[-107.46478,45.57987],[-107.46485,45.5804],[-107.46379,45.58149],[-107.46159,45.58201],[-107.46123,45.58285],[-107.46285,45.5833],[-107.46646,45.58153],[-107.46753,45.58181],[-107.46429,45.58533],[-107.46296,45.58519],[-107.46145,45.58396],[-107.46021,45.58444],[-107.46167,45.58633],[-107.46534,45.58715],[-107.46464,45.58943],[-107.46239,45.59027],[-107.46522,45.59176],[-107.46394,45.5936],[-107.46439,45.59485],[-107.46319,45.5961],[-107.4545,45.59925],[-107.45462,45.60099],[-107.45383,45.60203],[-107.4529,45.60604],[-107.45045,45.60753],[-107.44953,45.60893],[-107.45005,45.61059],[-107.44879,45.61217],[-107.45067,45.61367],[-107.45073,45.61574],[-107.45275,45.6172],[-107.45293,45.61798],[-107.44918,45.61887],[-107.4487,45.61763],[-107.44737,45.61739],[-107.44611,45.61791],[-107.44608,45.61908],[-107.44845,45.62297],[-107.44982,45.62329],[-107.45176,45.62247],[-107.45231,45.62317],[-107.45198,45.62421],[-107.45118,45.62438],[-107.44578,45.62332],[-107.44486,45.62654],[-107.44615,45.62892],[-107.44761,45.62902],[-107.4489,45.63008],[-107.44868,45.63047]]}
    },
    {
      "type": "Feature",
      "properties": {"kind": "river"},
      "geometry": {"type": "LineString", "coordinates": [[-107.15766,45.42005],[-107.16012,45.42033],[-107.16372,45.42263],[-107.16462,45.42376],[-107.16447,45.42607],[-107.16735,45.42806],[-107.17156,45.43349],[-107.17042,45.43692],[-107.17263,45.44136],[-107.17221,45.44209],[-107.17418,45.44442],[-107.1715,45.44638],[-107.17338,45.44891],[-107.17222,45.45069],[-107.17296,45.45156],[-107.1724,45.4532],[-107.17488,45.45478],[-107.17762,45.45473],[-107.17671,45.45632],[-107.17738,45.45651],[-107.17682,45.45745],[-107.17804,45.45869],[-107.17809,45.46021],[-107.18002,45.46057],[-107.18004,45.46135],[-107.18135,45.46175],[-107.18092,45.46264],[-107.18227,45.46298],[-107.1807,45.46465],[-107.18223,45.46525],[-107.18146,45.46588],[-107.1838,45.46595],[-107.18402,45.46691],[-107.18723,45.46833],[-107.18883,45.46816],[-107.18955,45.46942],[-107.19705,45.4714],[-107.19857,45.47385],[-107.19964,45.47387],[-107.20105,45.47564],[-107.20269,45.47622],[-107.20314,45.47548],[-107.20531,45.4768],[-107.20597,45.47638],[-107.20696,45.47788],[-107.21457,45.47795],[-107.21549,45.48023],[-107.21901,45.48022],[-107.21915,45.48113],[-107.22091,45.48148],[-107.22083,45.48233],[-107.21949,45.48191],[-107.21867,45.48328],[-107.21972,45.48295],[-107.22092,45.4841],[-107.22219,45.4837],[-107.2228,45.48471],[-107.22382,45.48405],[-107.22346,45.48486],[-107.22488,45.48412],[-107.22549,45.48457],[-107.22464,45.48566],[-107.22645,45.48535],[-107.226,45.48667],[-107.22722,45.48705],[-107.22873,45.48583],[-107.22864,45.48675],[-107.22968,45.48685],[-107.23023,45.48817],[-107.23144,45.488],[-107.23122,45.48739],[-107.23279,45.48848],[-107.23354,45.48818],[-107.23292,45.4874],[-107.23487,45.48688],[-107.23515,45.48856],[-107.23692,45.48782],[-107.23691,45.48935],[-107.2383,45.48943],[-107.23929,45.49054],[-107.24021,45.48992],[-107.24129,45.49105],[-107.24053,45.49176],[-107.24294,45.49333],[-107.2443,45.4929],[-107.24569,45.49368],[-107.24682,45.49274],[-107.24872,45.49374],[-107.24883,45.493],[-107.2502,45.49287],[-107.25182,45.49375],[-107.25177,45.49446],[-107.25526,45.49493],[-107.25666,45.49333],[-107.25881,45.49369],[-107.25804,45.49286],[-107.25898,45.49198],[-107.26077,45.49233],[-107.26209,45.49009],[-107.26396,45.49023],[-107.26442,45.49152],[-107.26555,45.49159],[-107.26711,45.49053],[-107.26701,45.4896],[-107.2691,45.48972],[-107.27051,45.48855],[-107.27309,45.48845],[-107.27545,45.48696],[-107.27835,45.48832],[-107.27879,45.48705],[-107.28014,45.48705],[-107.28042,45.48813],[-107.28284,45.4864],[-107.28464,45.48709],[-107.28537,45.48637],[-107.28593,45.48756],[-107.28739,45.48662],[-107.28834,45.48737],[-107.28766,45.4859],[-107.28905,45.48644],[-107.28937,45.48582],[-107.28997,45.48709],[-107.29066,45.48586],[-107.29185,45.48709],[-107.2931,45.48627],[-107.29402,45.48671],[-107.2954,45.48887],[-107.2972,45.48798],[-107.29712,45.48711],[-107.29839,45.48693],[-107.3008,45.48907],[-107.30108,45.49049],[-107.30331,45.49008],[-107.30283,45.48901],[-107.30384,45.48897],[-107.30509,45.48992],[-107.30358,45.49058],[-107.30464,45.49165],[-107.30576,45.49128],[-107.30667,45.48909],[-107.31043,45.49032],[-107.30867,45.49148],[-107.30927,45.49169],[-107.31313,45.49098],[-107.31639,45.48901],[-107.31756,45.49038],[-107.31574,45.49079],[-107.3163,45.49203],[-107.31845,45.49228],[-107.31898,45.49023],[-107.32083,45.493],[-107.32302,45.4928],[-107.32353,45.49173],[-107.32495,45.49259],[-107.3247,45.4934],[-107.32851,45.49265],[-107.32944,45.4933],[-107.32818,45.49419],[-107.3294,45.49553],[-107.32866,45.49586],[-107.32998,45.49634],[-107.32922,45.49776],[-107.33088,45.49845],[-107.33134,45.49711],[-107.33038,45.49654],[-107.33258,45.49621],[-107.33294,45.49711],[-107.33383,45.49645],[-107.33621,45.49673],[-107.33583,45.49923],[-107.33725,45.49854],[-107.33705,45.49741],[-107.33781,45.49691],[-107.33599,45.49593],[-107.33609,45.49505],[-107.33835,45.49515],[-107.33845,45.49643],[-107.33986,45.49654],[-107.34052,45.49755],[-107.34436,45.49695],[-107.34367,45.49474],[-107.346,45.49512],[-107.34704,45.49691],[-107.34861,45.49724],[-107.34967,45.49623],[-107.35198,45.49817],[-107.3537,45.49789],[-107.35439,45.49882],[-107.35203,45.49892],[-107.35453,45.50021],[-107.35592,45.50008],[-107.35692,45.50123],[-107.36017,45.5007],[-107.35957,45.49959],[-107.36096,45.50086],[-107.36381,45.50071],[-107.36313,45.50126],[-107.36388,45.50234],[-107.36556,45.50242],[-107.36547,45.50514],[-107.36819,45.50364],[-107.36917,45.50438],[-107.36926,45.50369],[-107.3683,45.50346],[-107.36951,45.50304],[-107.37068,45.50106],[-107.37147,45.5021],[-107.37064,45.50228],[-107.37233,45.50328],[-107.37209,45.50242],[-107.3729,45.50195],[-107.38,45.50202]]}
    },
    {
      "type": "Feature",
      "properties": {"kind": "contour", "elevation": 920},
      "geometry": {
        "type": "MultiLineString",
        "coordinates": [
          [[-107.47006,45.62986],[-107.46931,45.62736],[-107.46736,45.62838],[-107.46542,45.62736],[-107.46514,45.62562],[-107.46264,45.62625],[-107.46386,45.62792],[-107.46264,45.62903],[-107.45986,45.62708],[-107.4619,45.62653],[-107.46069,45.62464],[-107.45792,45.62764],[-107.45597,45.6251],[-107.45292,45.62532],[-107.45389,45.62292],[-107.45208,45.61958],[-107.45118,45.62292],[-107.45208,45.62385],[-107.44653,45.62345],[-107.4454,45.62514],[-107.44494,45.62819],[-107.44636,45.62986]],
          [[-107.45194,45.62986],[-107.45264,45.62903],[-107.45292,45.62986]],
          [[-107.45458,45.61153],[-107.45369,45.61236],[-107.45505,45.61264],[-107.45458,45.6137],[-107.45192,45.61403],[-107.45306,45.61486],[-107.45264,45.61684],[-107.45523,45.61681],[-107.45447,45.61486],[-107.4584,45.61292],[-107.45569,45.6131],[-107.45597,45.61208],[-107.45458,45.61153]]
        ]
      }
    },
    {
      "type": "Feature",
      "properties": {"kind": "contour", "elevation": 940},
      "geometry": {
        "type": "MultiLineString",
        "coordinates": [
          [[-107.47388,45.62986],[-107.47497,45.62681],[-107.47153,45.62733],[-107.46919,45.62514],[-107.46967,45.61569],[-107.47819,45.61483],[-107.48343,45.61236],[-107.47597,45.61328],[-107.47144,45.61236],[-107.46954,45.60708],[-107.46736,45.60601],[-107.46776,45.60403],[-107.46621,45.60319],[-107.46944,45.60264],[-107.46628,45.60042],[-107.46669,45.59458],[-107.46949,45.59319],[-107.46623,45.59153],[-107.46655,45.58819],[-107.46938,45.58681],[-107.46762,45.58569],[-107.46937,45.58014],[-107.46812,45.57875],[-107.46972,45.57681],[-107.46788,45.57597],[-107.46819,45.57],[-107.46514,45.56764],[-107.46486,45.56369],[-107.45673,45.55986],[-107.45264,45.55561],[-107.44569,45.55419],[-107.44838,45.55208],[-107.44479,45.55014],[-107.44466,45.54903],[-107.44319,45.54986],[-107.44319,45.55153],[-107.44181,45.5494],[-107.43792,45.55065],[-107.43736,45.54875],[-107.43569,45.54919],[-107.43426,45.54819],[-107.43486,45.54722],[-107.43319,45.54681],[-107.43192,45.54736],[-107.43382,45.54986],[-107.43333,45.55069],[-107.42986,45.5472],[-107.43054,45.54958],[-107.42847,45.54803],[-107.42542,45.54903],[-107.42458,45.55097],[-107.42611,45.55181],[-107.42597,45.55441],[-107.4291,45.55347],[-107.42878,45.55514],[-107.43236,45.55601],[-107.43477,45.55958],[-107.43653,45.55983],[-107.43819,45.55831],[-107.43688,45.56097],[-107.43473,45.56153],[-107.435,45.56319],[-107.44224,45.56653],[-107.44488,45.56931],[-107.44542,45.57458],[-107.44438,45.57764],[-107.44547,45.58347],[-107.44306,45.58486],[-107.44503,45.58542],[-107.44292,45.58686],[-107.43931,45.58597],[-107.43708,45.58708],[-107.44246,45.58847],[-107.44101,45.59903],[-107.44222,45.59986],[-107.44206,45.60458],[-107.4449,45.60986],[-107.44927,45.61375],[-107.44764,45.61428],[-107.43681,45.61093],[-107.43403,45.61139],[-107.42986,45.6091],[-107.42722,45.61153],[-107.42808,45.61264],[-107.42569,45.61319],[-107.42681,45.61503],[-107.43403,45.61406],[-107.43819,45.61486],[-107.43819,45.6166],[-107.44492,45.61681],[-107.44604,45.62069],[-107.44558,45.62208],[-107.44403,45.62236],[-107.44486,45.62379],[-107.44069,45.62538],[-107.44069,45.62663],[-107.43368,45.62736],[-107.43903,45.62986]],
          [[-107.42361,45.54431],[-107.42403,45.54597],[-107.42264,45.54579],[-107.41931,45.54919],[-107.42319,45.54977],[-107.42903,45.54653],[-107.42653,45.54653],[-107.42361,45.54431]]
        ]
      }
    },
    {
      "type": "Feature",
      "properties": {"kind": "contour", "elevation": 960},
      "geometry": {
        "type": "MultiLineString",
        "coordinates": [
          [[-107.51083,45.62986],[-107.51064,45.62708],[-107.50875,45.62542],[-107.51208,45.62003],[-107.50875,45.6208],[-107.50458,45.61994],[-107.49847,45.61514],[-107.49708,45.61708],[-107.49292,45.61653],[-107.49325,45.61486],[-107.49011,45.61319],[-107.49405,45.60986],[-107.50275,45.60569],[-107.50355,45.60347],[-107.48681,45.60914],[-107.48486,45.60792],[-107.48771,45.60625],[-107.48653,45.6044],[-107.48292,45.60394],[-107.48328,45.60264],[-107.48017,45.59819],[-107.48014,45.59431],[-107.48242,45.59347],[-107.47986,45.59153],[-107.47764,45.59167],[-107.47736,45.58949],[-107.47653,45.59134],[-107.47292,45.59153],[-107.47386,45.58958],[-107.47208,45.59049],[-107.47114,45.58931],[-107.47208,45.58835],[-107.47847,45.58875],[-107.47958,45.58736],[-107.47375,45.58458],[-107.47153,45.58542],[-107.47264,45.58186],[-107.47736,45.58236],[-107.47304,45.57958],[-107.47375,45.57859],[-107.47713,45.57847],[-107.47461,45.57708],[-107.47588,45.57208],[-107.47825,45.57014],[-107.47542,45.57037],[-107.47153,45.57369],[-107.47125,45.57042],[-107.47,45.56958],[-107.47356,45.56792],[-107.47403,45.56486],[-107.46894,45.56681],[-107.46859,45.56486],[-107.46635,45.56347],[-107.46736,45.56227],[-107.45931,45.5594],[-107.45903,45.55762],[-107.45653,45.55852],[-107.45496,45.55514],[-107.46069,45.55358],[-107.47319,45.55528],[-107.47664,45.55431],[-107.46764,45.55161],[-107.46792,45.54931],[-107.46431,45.55088],[-107.46097,45.54992],[-107.46069,45.5484],[-107.45736,45.55075],[-107.45208,45.55157],[-107.44719,45.54736],[-107.44622,45.54236],[-107.44792,45.53943],[-107.46308,45.53042],[-107.45931,45.53044],[-107.45208,45.53355],[-107.44931,45.53302],[-107.44347,45.53619],[-107.44248,45.53875],[-107.44069,45.53918],[-107.42945,45.52903],[-107.43255,45.52236],[-107.42986,45.52115],[-107.42653,45.52453],[-107.42375,45.52505],[-107.42272,45.52264],[-107.41861,45.51986],[-107.41931,45.51844],[-107.41625,45.51799],[-107.40908,45.50986],[-107.39819,45.50312],[-107.39601,45.50347],[-107.39736,45.50125],[-107.39625,45.50014],[-107.39653,45.49736],[-107.39236,45.49782],[-107.39125,45.49514],[-107.38625,45.49514],[-107.39092,45.49319],[-107.39073,45.49153],[-107.3831,45.48875],[-107.37875,45.49731],[-107.36743,45.50403],[-107.37097,45.50352],[-107.37792,45.50569],[-107.37974,45.50847],[-107.37904,45.51069],[-107.38095,45.51569],[-107.38625,45.52268],[-107.39042,45.52405],[-107.39603,45.53014],[-107.40569,45.53591],[-107.41377,45.54653],[-107.40125,45.54451],[-107.3937,45.54625],[-107.39847,45.54923],[-107.40181,45.54821],[-107.41465,45.55097],[-107.4131,45.55403],[-107.41429,45.55514],[-107.41347,45.55946],[-107.42097,45.5514],[-107.42458,45.55718],[-107.43117,45.56069],[-107.43069,45.56228],[-107.42792,45.56277],[-107.43042,45.56396],[-107.43069,45.56531],[-107.43514,45.56589],[-107.43966,45.57097],[-107.43977,45.57236],[-107.43703,45.57375],[-107.44055,45.57542],[-107.44074,45.57764],[-107.43917,45.57875],[-107.44107,45.58069],[-107.44042,45.58202],[-107.43884,45.58236],[-107.42792,45.57716],[-107.42702,45.57819],[-107.43248,45.58403],[-107.41458,45.58196],[-107.41486,45.58319],[-107.42032,45.58569],[-107.42003,45.58653],[-107.41264,45.58855],[-107.40736,45.58685],[-107.4009,45.58653],[-107.40292,45.58806],[-107.40514,45.58792],[-107.40542,45.59052],[-107.41208,45.59256],[-107.41069,45.59544],[-107.41597,45.59151],[-107.42514,45.59006],[-107.43826,45.59097],[-107.43384,45.59319],[-107.43649,45.59514],[-107.43351,45.59653],[-107.43798,45.59958],[-107.4375,45.60236],[-107.43561,45.60319],[-107.43609,45.60486],[-107.43875,45.60602],[-107.44153,45.60998],[-107.43542,45.60693],[-107.43403,45.60806],[-107.43181,45.60747],[-107.42901,45.60347],[-107.42458,45.60051],[-107.42571,45.60458],[-107.42473,45.60597],[-107.42625,45.60877],[-107.41875,45.60496],[-107.42017,45.60958],[-107.41819,45.61025],[-107.41708,45.60888],[-107.41514,45.61022],[-107.41208,45.60926],[-107.41181,45.61091],[-107.40421,45.61153],[-107.42345,45.61403],[-107.42375,45.61681],[-107.42089,45.61764],[-107.42125,45.61912],[-107.41375,45.62127],[-107.41181,45.62406],[-107.41569,45.62236],[-107.41792,45.62258],[-107.41903,45.62403],[-107.42069,45.62208],[-107.42514,45.62186],[-107.42525,45.62069],[-107.43264,45.61619],[-107.43542,45.62032],[-107.4419,45.61875],[-107.43939,45.62069],[-107.44069,45.62284],[-107.43764,45.62231],[-107.43486,45.62419],[-107.43181,45.62238],[-107.43097,45.62542],[-107.42875,45.62454],[-107.42551,45.62542],[-107.42693,45.62708],[-107.42606,45.62819],[-107.43014,45.62859],[-107.43111,45.62986]],
          [[-107.38653,45.48542],[-107.38477,45.48597],[-107.38458,45.48769],[-107.38931,45.48889],[-107.39273,45.49153],[-107.39153,45.48986],[-107.39264,45.48764],[-107.38986,45.48792],[-107.39097,45.48625],[-107.38903,45.48565],[-107.38792,45.48731],[-107.38653,45.48542]]
        ]
      }
    },
    {
      "type": "Feature",
      "properties": {"kind": "contour", "elevation": 980},
      "geometry": {
        "type": "MultiLineString",
        "coordinates": [
          [[-107.51585,45.62986],[-107.52097,45.62597],[-107.51819,45.62657],[-107.51681,45.62538],[-107.51347,45.62674],[-107.51319,45.624],[-107.52986,45.61563]],
          [[-107.52986,45.61411],[-107.52542,45.61434],[-107.52458,45.61229],[-107.52125,45.61472],[-107.51625,45.61504],[-107.50875,45.61926],[-107.50444,45.61264],[-107.50511,45.61069],[-107.50213,45.60958],[-107.50608,45.60847],[-107.50444,45.60764],[-107.50736,45.60366],[-107.51681,45.59817],[-107.52125,45.59368],[-107.50986,45.59863],[-107.50708,45.59773],[-107.50764,45.59952],[-107.5042,45.60069],[-107.50181,45.59985],[-107.50141,45.60125],[-107.49819,45.60301],[-107.48616,45.59931],[-107.48561,45.59653],[-107.4925,45.59097],[-107.48792,45.59185],[-107.48411,45.58819],[-107.48768,45.58542],[-107.48478,45.58514],[-107.48486,45.57958],[-107.48254,45.57653],[-107.48267,45.57458],[-107.48542,45.57179],[-107.49103,45.57042],[-107.48497,45.56764],[-107.47914,45.55903],[-107.48125,45.55857],[-107.48181,45.55664],[-107.48792,45.55707],[-107.49875,45.55569],[-107.5069,45.55319],[-107.49375,45.55304],[-107.49236,45.55132],[-107.49014,45.55265],[-107.48764,45.55164],[-107.48264,45.55236],[-107.48042,45.54931],[-107.47502,45.54625],[-107.47551,45.54458],[-107.46681,45.53829],[-107.46797,45.53764],[-107.46764,45.53602],[-107.47134,45.53514],[-107.46764,45.53433],[-107.46642,45.53264],[-107.46931,45.53201],[-107.47903,45.52537],[-107.48708,45.52487],[-107.49625,45.52131],[-107.49042,45.52181],[-107.48819,45.52026],[-107.48264,45.52174],[-107.47458,45.52077],[-107.47181,45.52345],[-107.46847,45.52256],[-107.46819,45.52551],[-107.46069,45.5273],[-107.45764,45.5212],[-107.45458,45.51981],[-107.45222,45.52014],[-107.45069,45.5187],[-107.45014,45.52069],[-107.44808,45.52153],[-107.44764,45.52498],[-107.44306,45.52514],[-107.44264,45.52347],[-107.44514,45.52319],[-107.44153,45.52264],[-107.44069,45.52569],[-107.43986,45.52342],[-107.43903,45.52486],[-107.43558,45.52403],[-107.44514,45.5142],[-107.45403,45.50866],[-107.45708,45.50542],[-107.45653,45.50463],[-107.43462,45.51597],[-107.43125,45.51583],[-107.43181,45.51653],[-107.43069,45.51708],[-107.42681,45.51755],[-107.42669,45.52042],[-107.42444,45.52097],[-107.42264,45.51931],[-107.42681,45.51708],[-107.42792,45.51512],[-107.42931,45.51569],[-107.42901,45.51403],[-107.43097,45.51125],[-107.42625,45.5125],[-107.42576,45.51403],[-107.42236,45.51449],[-107.42069,45.51613],[-107.41585,45.51347],[-107.41425,45.51069],[-107.41514,45.50826],[-107.41236,45.50875],[-107.41139,45.50681],[-107.40861,45.50625],[-107.40032,45.49958],[-107.40011,45.49708],[-107.40486,45.49474],[-107.41292,45.49427],[-107.41903,45.49548],[-107.42097,45.49458],[-107.41792,45.49449],[-107.41403,45.49241],[-107.40321,45.49181],[-107.40378,45.48792],[-107.40764,45.48465],[-107.41608,45.48236],[-107.41125,45.48157],[-107.41066,45.48042],[-107.41397,45.47681],[-107.41301,45.47292],[-107.41558,45.46792],[-107.41236,45.46319],[-107.41778,45.46236],[-107.41401,45.46097],[-107.414,45.45264],[-107.41236,45.44653],[-107.41022,45.44375],[-107.41083,45.44153],[-107.40042,45.4408],[-107.40181,45.43936],[-107.40514,45.43881],[-107.40681,45.43653],[-107.40486,45.43604],[-107.40486,45.43806],[-107.40292,45.43838],[-107.40153,45.43542],[-107.39708,45.43523],[-107.39875,45.4381],[-107.4006,45.43653],[-107.39931,45.43925],[-107.39667,45.43653],[-107.39431,45.43612],[-107.39356,45.43819],[-107.39123,45.43958],[-107.39647,45.44597],[-107.39617,45.45069],[-107.39736,45.45299],[-107.39847,45.45299],[-107.39808,45.45458],[-107.39653,45.45514],[-107.39403,45.45931],[-107.39181,45.46597],[-107.38418,45.47653],[-107.38114,45.48375],[-107.37819,45.4862],[-107.37486,45.48597],[-107.37594,45.49208],[-107.37766,45.49347],[-107.37708,45.49573],[-107.37625,45.49637],[-107.36764,45.49139],[-107.36947,45.49597],[-107.35931,45.49861],[-107.35181,45.49178],[-107.35104,45.49208],[-107.35236,45.49637],[-107.33736,45.49208],[-107.33881,45.49347],[-107.33486,45.49314],[-107.33458,45.49597],[-107.33347,45.49514],[-107.32977,45.49736],[-107.33653,45.49986],[-107.34125,45.49864],[-107.3423,45.50208],[-107.33958,45.5019],[-107.33869,45.50514],[-107.32958,45.50986],[-107.33736,45.50958],[-107.34486,45.50601],[-107.34625,45.5081],[-107.34825,45.50708],[-107.34875,45.50512],[-107.36181,45.50777],[-107.36264,45.51109],[-107.36514,45.51085],[-107.36903,45.50555],[-107.37119,45.50569],[-107.37486,45.50948],[-107.37642,45.50931],[-107.37764,45.50723],[-107.37932,45.51319],[-107.37855,45.51431],[-107.37993,45.51514],[-107.37865,45.51625],[-107.38106,45.51708],[-107.38153,45.51889],[-107.38362,45.52014],[-107.38496,45.52236],[-107.38375,45.52325],[-107.39004,45.52486],[-107.39236,45.52946],[-107.39458,45.52982],[-107.39375,45.53097],[-107.40268,45.53486],[-107.40292,45.5365],[-107.40498,45.53708],[-107.40521,45.53903],[-107.40986,45.54403],[-107.40458,45.54377],[-107.40319,45.53912],[-107.40181,45.54175],[-107.39708,45.54394],[-107.38736,45.54166],[-107.38514,45.54073],[-107.38535,45.53958],[-107.38153,45.53964],[-107.37597,45.53434],[-107.37784,45.53819],[-107.37736,45.54013],[-107.36958,45.53867],[-107.36917,45.53958],[-107.37809,45.54292],[-107.37569,45.54614],[-107.38347,45.54464],[-107.39456,45.54875],[-107.39208,45.55197],[-107.3865,45.55264],[-107.38847,45.55414],[-107.39347,45.55451],[-107.40375,45.55145],[-107.40764,45.552],[-107.41157,45.55764],[-107.40903,45.55717],[-107.40903,45.55989],[-107.40286,45.55931],[-107.40989,45.56292],[-107.41014,45.56653],[-107.41232,45.56569],[-107.41403,45.56217],[-107.41792,45.56149],[-107.41903,45.55906],[-107.42236,45.55877],[-107.42458,45.55958],[-107.42292,45.5603],[-107.42236,45.56292],[-107.42588,45.56403],[-107.4247,45.56542],[-107.42669,45.56764],[-107.43559,45.56986],[-107.43597,45.57169],[-107.43181,45.57171],[-107.4308,45.57292],[-107.43681,45.57597],[-107.43431,45.57821],[-107.42451,45.57208],[-107.42153,45.5688],[-107.42069,45.57019],[-107.41847,45.57017],[-107.41837,45.57181],[-107.42136,45.57347],[-107.42073,45.57569],[-107.42394,45.57792],[-107.42398,45.58014],[-107.42125,45.57943],[-107.41958,45.5813],[-107.41597,45.58046],[-107.41486,45.57829],[-107.40986,45.57516],[-107.41067,45.57986],[-107.40174,45.57931],[-107.40681,45.58266],[-107.41486,45.58475],[-107.41705,45.58625],[-107.41653,45.58697],[-107.41236,45.58527],[-107.41111,45.58569],[-107.41262,45.58708],[-107.41019,45.58681],[-107.40681,45.58428],[-107.40569,45.58552],[-107.40431,45.58399],[-107.39875,45.58464],[-107.39708,45.58192],[-107.39377,45.58153],[-107.38792,45.57752],[-107.39014,45.58323],[-107.37542,45.58244],[-107.36204,45.57708],[-107.36918,45.58236],[-107.36644,45.58458],[-107.37208,45.58403],[-107.37391,45.58542],[-107.37319,45.58782],[-107.37569,45.58633],[-107.38169,45.58792],[-107.38153,45.59212],[-107.38381,45.59208],[-107.38653,45.58817],[-107.38802,45.58875],[-107.38931,45.5915],[-107.39153,45.58908],[-107.40264,45.59298],[-107.40764,45.59347],[-107.40542,45.59403],[-107.40403,45.59769],[-107.40208,45.59792],[-107.40137,45.59931],[-107.40236,45.59971],[-107.40792,45.59949],[-107.41542,45.5965],[-107.41625,45.59403],[-107.41903,45.59438],[-107.42069,45.59231],[-107.42319,45.59397],[-107.42569,45.59193],[-107.43102,45.59181],[-107.42952,45.59347],[-107.43097,45.59481],[-107.42769,45.59653],[-107.43497,45.60125],[-107.43181,45.60238],[-107.42569,45.59757],[-107.42319,45.59825],[-107.42014,45.59681],[-107.41877,45.59875],[-107.42292,45.60375],[-107.42125,45.60412],[-107.41458,45.59907],[-107.41264,45.59917],[-107.41186,45.60125],[-107.41444,45.60236],[-107.41356,45.60403],[-107.4161,45.60653],[-107.41403,45.60778],[-107.41236,45.60761],[-107.40903,45.60451],[-107.40847,45.60569],[-107.40635,45.60597],[-107.40842,45.60792],[-107.40847,45.6096],[-107.40708,45.60862],[-107.40431,45.6091],[-107.40069,45.60564],[-107.40054,45.60986],[-107.39819,45.60896],[-107.39458,45.61042],[-107.39347,45.60945],[-107.39208,45.61081],[-107.38865,45.60931],[-107.39204,45.61264],[-107.39097,45.61486],[-107.38782,45.61653],[-107.39181,45.61558],[-107.39486,45.61258],[-107.40097,45.61427],[-107.40569,45.61385],[-107.40625,45.61546],[-107.40847,45.61598],[-107.41236,45.61414],[-107.41431,45.61448],[-107.41514,45.61595],[-107.41802,45.61597],[-107.41708,45.61816],[-107.41347,45.61707],[-107.41125,45.61943],[-107.40903,45.6179],[-107.40792,45.61927],[-107.40394,45.61986],[-107.40919,45.62236],[-107.40708,45.62347],[-107.40796,45.62486],[-107.40514,45.62684],[-107.40097,45.62657],[-107.39653,45.62903],[-107.40375,45.62931],[-107.40792,45.62808],[-107.40986,45.62921],[-107.41062,45.62736],[-107.41486,45.62495],[-107.41449,45.62653],[-107.41569,45.62774],[-107.42282,45.62681],[-107.42118,45.62819],[-107.42303,45.62986]]
        ]
      }
    },
    {
      "type": "Feature",
      "properties": {"kind": "contour", "elevation": 1000},
      "geometry": {
        "type": "MultiLineString",
        "coordinates": [
          [[-107.38794,45.42014],[-107.38766,45.42542],[-107.38955,45.42958],[-107.38042,45.4291],[-107.37912,45.43042],[-107.38153,45.43181],[-107.38597,45.43093],[-107.39331,45.43181],[-107.39414,45.43514],[-107.39042,45.43909],[-107.38766,45.43986],[-107.391,45.44125],[-107.39514,45.44569],[-107.39514,45.4499],[-107.39409,45.45042],[-107.39208,45.44861],[-107.39125,45.45365],[-107.38847,45.45409],[-107.38597,45.4525],[-107.38654,45.45542],[-107.38069,45.45531],[-107.38042,45.45834],[-107.37236,45.45943],[-107.36792,45.45694],[-107.36723,45.45903],[-107.36925,45.46069],[-107.36458,45.46259],[-107.36292,45.462],[-107.36153,45.46375],[-107.35716,45.46375],[-107.35917,45.46458],[-107.35903,45.46719],[-107.36208,45.46554],[-107.38514,45.46066],[-107.38646,45.45847],[-107.39405,45.45681],[-107.39063,45.46069],[-107.39024,45.46431],[-107.38814,45.46486],[-107.38892,45.46653],[-107.38679,45.46681],[-107.38744,45.46875],[-107.38128,45.47069],[-107.3834,45.47292],[-107.38035,45.47431],[-107.38231,45.47597],[-107.38041,45.47736],[-107.38125,45.47875],[-107.38019,45.48069],[-107.37736,45.48239],[-107.37486,45.47827],[-107.37323,45.48125],[-107.37116,45.48236],[-107.37259,45.48403],[-107.37097,45.48625],[-107.37307,45.48958],[-107.37208,45.49136],[-107.3683,45.48875],[-107.36426,45.48069],[-107.36125,45.47814],[-107.3625,45.48014],[-107.3614,45.48264],[-107.36272,45.48514],[-107.36042,45.48569],[-107.36255,45.49042],[-107.36677,45.49403],[-107.36403,45.49383],[-107.36347,45.4961],[-107.35986,45.49543],[-107.35958,45.49703],[-107.35518,45.49181],[-107.3554,45.48764],[-107.35319,45.48825],[-107.34911,45.48681],[-107.34903,45.48514],[-107.34547,45.48153],[-107.34621,45.48042],[-107.34542,45.47975],[-107.34359,45.48236],[-107.34514,45.48819],[-107.34986,45.49459],[-107.34347,45.49176],[-107.34264,45.48988],[-107.33986,45.49014],[-107.33875,45.48844],[-107.33597,45.48912],[-107.33458,45.48604],[-107.33181,45.48818],[-107.32625,45.48693],[-107.32708,45.48361],[-107.32431,45.48365],[-107.32292,45.48203],[-107.31986,45.48347],[-107.31875,45.48535],[-107.31236,45.48533],[-107.30875,45.48389],[-107.30375,45.48608],[-107.29597,45.48693],[-107.29014,45.48292],[-107.2897,45.48542],[-107.28676,45.48708],[-107.29319,45.49007],[-107.29736,45.48948],[-107.30208,45.49178],[-107.32042,45.49495],[-107.32736,45.50125],[-107.32653,45.50702],[-107.32125,45.50575],[-107.32049,45.50958],[-107.3191,45.51014],[-107.32251,45.51403],[-107.32185,45.51542],[-107.31986,45.51677],[-107.31708,45.51594],[-107.31403,45.52106],[-107.308,45.51986],[-107.30879,45.52181],[-107.31299,45.52431],[-107.31181,45.52611],[-107.30958,45.52625],[-107.31024,45.52792],[-107.30884,45.53042],[-107.30215,45.53097],[-107.30347,45.53314],[-107.31292,45.53295],[-107.31161,45.53125],[-107.31229,45.53014],[-107.31514,45.52818],[-107.31986,45.52751],[-107.32514,45.53118],[-107.32345,45.52792],[-107.32403,45.52437],[-107.33403,45.52919],[-107.33431,45.52775],[-107.32708,45.52125],[-107.33486,45.51962],[-107.33986,45.52218],[-107.34028,45.51708],[-107.33856,45.51569],[-107.33958,45.51583],[-107.34014,45.51393],[-107.34313,45.51375],[-107.34319,45.51082],[-107.34734,45.51514],[-107.34847,45.5183],[-107.35347,45.51768],[-107.3514,45.51458],[-107.35368,45.51375],[-107.35264,45.51181],[-107.35378,45.51097],[-107.35347,45.50845],[-107.35798,45.50986],[-107.35593,45.51042],[-107.35903,45.51557],[-107.36016,45.51569],[-107.36014,45.51406],[-107.36264,45.51391],[-107.36403,45.51516],[-107.36653,45.51461],[-107.36958,45.51584],[-107.36835,45.51264],[-107.36962,45.51181],[-107.37014,45.50807],[-107.37347,45.51304],[-107.3774,45.51236],[-107.37562,45.51431],[-107.37703,45.51542],[-107.37618,45.51708],[-107.37994,45.51792],[-107.37965,45.51931],[-107.38176,45.52014],[-107.38112,45.52292],[-107.38236,45.52432],[-107.39052,45.52681],[-107.39017,45.52819],[-107.39236,45.53181],[-107.40097,45.53514],[-107.40191,45.53708],[-107.39944,45.53625],[-107.39962,45.54014],[-107.39792,45.54101],[-107.39625,45.53901],[-107.39125,45.541],[-107.38888,45.53958],[-107.39001,45.53792],[-107.38847,45.53368],[-107.38651,45.53458],[-107.38694,45.53597],[-107.38553,45.53708],[-107.38208,45.53784],[-107.38067,45.53653],[-107.38048,45.53375],[-107.37753,45.53264],[-107.37458,45.52662],[-107.37236,45.52859],[-107.36236,45.52538],[-107.36982,45.53014],[-107.36961,45.53264],[-107.37125,45.53295],[-107.37157,45.53486],[-107.37486,45.53683],[-107.37486,45.53847],[-107.36542,45.53576],[-107.36153,45.53273],[-107.35886,45.53264],[-107.36141,45.53486],[-107.36181,45.53692],[-107.35236,45.53395],[-107.35058,45.53486],[-107.35819,45.53856],[-107.36603,45.54014],[-107.35903,45.5409],[-107.35884,45.54236],[-107.36736,45.54283],[-107.37014,45.54193],[-107.37597,45.54375],[-107.37208,45.54486],[-107.36792,45.54829],[-107.36384,45.54903],[-107.36618,45.55014],[-107.36625,45.552],[-107.37153,45.54903],[-107.37875,45.54838],[-107.37986,45.54727],[-107.39069,45.54944],[-107.38708,45.551],[-107.38014,45.55123],[-107.38013,45.55292],[-107.37689,45.55403],[-107.37653,45.55636],[-107.37792,45.55496],[-107.38581,45.55458],[-107.38654,45.55597],[-107.38375,45.55903],[-107.39042,45.55669],[-107.39458,45.55663],[-107.39653,45.55522],[-107.40375,45.55552],[-107.40542,45.55415],[-107.40653,45.55569],[-107.40569,45.55747],[-107.40014,45.55595],[-107.39519,45.56014],[-107.39847,45.55948],[-107.40042,45.56194],[-107.40681,45.56418],[-107.40548,45.56542],[-107.40743,45.56653],[-107.40284,45.56847],[-107.41438,45.56986],[-107.41383,45.57208],[-107.41681,45.57368],[-107.41653,45.57554],[-107.41912,45.57708],[-107.4142,45.57597],[-107.41042,45.572],[-107.40542,45.57179],[-107.40386,45.57319],[-107.40563,45.57597],[-107.40208,45.5771],[-107.39958,45.5749],[-107.39425,45.57319],[-107.39607,45.57708],[-107.39514,45.57963],[-107.38167,45.56958],[-107.38173,45.57181],[-107.38377,45.57403],[-107.38163,45.57542],[-107.38563,45.58042],[-107.38526,45.58208],[-107.38375,45.58259],[-107.37746,45.58153],[-107.37625,45.57899],[-107.37375,45.58029],[-107.37009,45.57819],[-107.37069,45.57036],[-107.36847,45.57549],[-107.36236,45.57593],[-107.35871,45.57403],[-107.35958,45.57163],[-107.35736,45.57292],[-107.35285,45.57236],[-107.34736,45.56906],[-107.34718,45.56764],[-107.34375,45.56498],[-107.34724,45.57264],[-107.34569,45.57336],[-107.33661,45.57208],[-107.33875,45.57373],[-107.35375,45.57777],[-107.3551,45.57958],[-107.35792,45.57912],[-107.35875,45.58045],[-107.36506,45.58292],[-107.34942,45.58653],[-107.37176,45.58625],[-107.36097,45.58882],[-107.35878,45.58986],[-107.35819,45.59181],[-107.36292,45.59036],[-107.37431,45.59099],[-107.37875,45.5892],[-107.37708,45.5949],[-107.37292,45.59531],[-107.37069,45.59708],[-107.37573,45.59736],[-107.37431,45.60153],[-107.38653,45.59251],[-107.38903,45.59481],[-107.39125,45.59483],[-107.39292,45.59292],[-107.39986,45.59436],[-107.39577,45.59903],[-107.39319,45.59986],[-107.39692,45.60236],[-107.39736,45.60665],[-107.39181,45.6066],[-107.39014,45.60792],[-107.38319,45.60508],[-107.38369,45.60708],[-107.38095,45.60819],[-107.38569,45.60881],[-107.38605,45.61069],[-107.38944,45.61319],[-107.38681,45.61528],[-107.38292,45.61359],[-107.38257,45.61486],[-107.38514,45.61681],[-107.38042,45.61874],[-107.37875,45.61831],[-107.37875,45.61947],[-107.38514,45.61889],[-107.38653,45.62043],[-107.38847,45.61803],[-107.39208,45.61766],[-107.3939,45.61681],[-107.39389,45.61542],[-107.39764,45.61469],[-107.40222,45.61653],[-107.39815,45.61875],[-107.40062,45.62153],[-107.40392,45.62264],[-107.40368,45.62431],[-107.40181,45.6253],[-107.39806,45.62375],[-107.39869,45.62653],[-107.39708,45.62745],[-107.39153,45.62523],[-107.39313,45.62819],[-107.38556,45.62819],[-107.38806,45.62986]],
          [[-107.52986,45.62116],[-107.52834,45.61931],[-107.52986,45.61794]],
          [[-107.52986,45.60822],[-107.52708,45.60667],[-107.52264,45.60808],[-107.52403,45.61014],[-107.52042,45.61053],[-107.51597,45.60884],[-107.51319,45.60542],[-107.51653,45.60395],[-107.51645,45.60153],[-107.52236,45.59778],[-107.52403,45.59792],[-107.52986,45.59148]],
          [[-107.52986,45.58879],[-107.52319,45.58838],[-107.52293,45.59097],[-107.52181,45.59128],[-107.51764,45.58887],[-107.51743,45.59097],[-107.51403,45.59176],[-107.51403,45.59354],[-107.51088,45.59292],[-107.50986,45.59542],[-107.50264,45.59407],[-107.50076,45.58903],[-107.49587,45.58597],[-107.49514,45.58458],[-107.49668,45.58292],[-107.49372,45.58208],[-107.48829,45.57403],[-107.49264,45.57248],[-107.49597,45.57372],[-107.50397,45.57292],[-107.4972,45.57097],[-107.49695,45.56986],[-107.49992,45.56764],[-107.49986,45.56646],[-107.49625,45.56758],[-107.48875,45.56753],[-107.48725,45.56625],[-107.48958,45.56303],[-107.48403,45.56379],[-107.48302,45.56181],[-107.48403,45.55801],[-107.48708,45.55889],[-107.49236,45.55742],[-107.49569,45.55817],[-107.50403,45.55594],[-107.50569,45.55685],[-107.50681,45.5556],[-107.50986,45.55685],[-107.51003,45.55514],[-107.51208,45.55502],[-107.52486,45.55689],[-107.52986,45.55632]],
          [[-107.52986,45.55502],[-107.51875,45.55264],[-107.52708,45.54856],[-107.51347,45.55083],[-107.51458,45.54744],[-107.51236,45.54914],[-107.50542,45.55103],[-107.50431,45.54923],[-107.49819,45.54942],[-107.49939,45.54681],[-107.49875,45.54564],[-107.49458,45.54859],[-107.48819,45.54935],[-107.48625,45.54772],[-107.48375,45.5491],[-107.47757,45.54569],[-107.4851,45.54153],[-107.47681,45.54221],[-107.47375,45.53903],[-107.47454,45.53653],[-107.47778,45.53514],[-107.47417,45.53375],[-107.4754,45.53014],[-107.48014,45.52931],[-107.48097,45.52773],[-107.48681,45.52944],[-107.48924,45.52875],[-107.48668,45.52653],[-107.49208,45.52481],[-107.49681,45.52608],[-107.50681,45.52347],[-107.50903,45.52538],[-107.51014,45.52312],[-107.51486,45.52537],[-107.51545,45.52458],[-107.51313,45.52236],[-107.51486,45.52125],[-107.52986,45.52136]],
          [[-107.52986,45.52011],[-107.52258,45.51903],[-107.52681,45.51594],[-107.51181,45.51844],[-107.50986,45.51729],[-107.50847,45.51823],[-107.50625,45.51764],[-107.50403,45.5195],[-107.49847,45.51795],[-107.49292,45.51913],[-107.49478,45.51125],[-107.49597,45.51014],[-107.49347,45.51111],[-107.49181,45.5142],[-107.48931,45.51403],[-107.48903,45.51616],[-107.48744,45.51653],[-107.48782,45.51764],[-107.48177,45.51708],[-107.48229,45.51931],[-107.48125,45.5206],[-107.47847,45.51884],[-107.47431,45.5187],[-107.47264,45.51676],[-107.46903,45.52046],[-107.46731,45.51875],[-107.4673,45.51569],[-107.45809,45.50792],[-107.46097,45.50597],[-107.46486,45.50682],[-107.46636,45.50597],[-107.46369,45.50486],[-107.4765,45.49792],[-107.47875,45.49532],[-107.48186,45.49431],[-107.48125,45.49313],[-107.46931,45.49782],[-107.46653,45.49722],[-107.46455,45.50042],[-107.45736,45.50235],[-107.45292,45.49823],[-107.45319,45.50325],[-107.44542,45.5031],[-107.44292,45.50088],[-107.43847,45.50017],[-107.43542,45.49645],[-107.43208,45.49532],[-107.43243,45.49292],[-107.43514,45.49236],[-107.44097,45.48625],[-107.43542,45.48856],[-107.43236,45.48729],[-107.42854,45.47819],[-107.42604,45.47625],[-107.42681,45.47486],[-107.42592,45.47236],[-107.4237,45.47208],[-107.42425,45.47014],[-107.42153,45.46875],[-107.42069,45.46611],[-107.41958,45.46625],[-107.42042,45.46708],[-107.41958,45.46958],[-107.4175,45.46986],[-107.41684,45.46736],[-107.41792,45.46482],[-107.43625,45.46208],[-107.42681,45.46069],[-107.42486,45.45825],[-107.42347,45.46057],[-107.41613,45.46069],[-107.41559,45.45903],[-107.41664,45.45736],[-107.41514,45.45157],[-107.42167,45.45125],[-107.42097,45.44936],[-107.41736,45.44958],[-107.41792,45.44769],[-107.41431,45.44856],[-107.41492,45.44653],[-107.41323,45.44208],[-107.43819,45.43738],[-107.43875,45.43625],[-107.41069,45.43689],[-107.40652,45.43042],[-107.40236,45.42617],[-107.39787,45.42375],[-107.39914,45.42014]]
        ]
      }
    },
    {
      "type": "Feature",
      "properties": {"kind": "contour", "elevation": 1020},
      "geometry": {
        "type": "MultiLineString",
        "coordinates": [
          [[-107.35796,45.42014],[-107.36014,45.42292],[-107.35986,45.42514],[-107.36153,45.42792],[-107.36483,45.43014],[-107.36384,45.43208],[-107.36835,45.43486],[-107.37292,45.43575],[-107.37514,45.43486],[-107.37514,45.43368],[-107.38236,45.43436],[-107.38542,45.43251],[-107.38958,45.43251],[-107.38956,45.43486],[-107.39125,45.43682],[-107.38958,45.43813],[-107.38179,45.43958],[-107.38276,45.44069],[-107.38986,45.44185],[-107.39483,45.44681],[-107.39403,45.4485],[-107.38986,45.44554],[-107.38658,45.44486],[-107.38944,45.44847],[-107.38976,45.45097],[-107.38792,45.45196],[-107.38292,45.44805],[-107.38275,45.45042],[-107.38067,45.45097],[-107.38435,45.45347],[-107.37764,45.45218],[-107.37623,45.45403],[-107.37741,45.45514],[-107.37653,45.45653],[-107.37403,45.45591],[-107.37292,45.45694],[-107.37059,45.45597],[-107.3692,45.45125],[-107.36993,45.44903],[-107.36764,45.44551],[-107.36419,45.44708],[-107.36208,45.45032],[-107.36486,45.45394],[-107.36014,45.45331],[-107.35931,45.45222],[-107.35856,45.45319],[-107.36125,45.45745],[-107.36458,45.45903],[-107.36319,45.45945],[-107.35982,45.45764],[-107.35708,45.46178],[-107.35347,45.45746],[-107.35014,45.45855],[-107.34589,45.45625],[-107.34622,45.45431],[-107.34449,45.45208],[-107.33931,45.45319],[-107.33208,45.44944],[-107.33671,45.45403],[-107.33667,45.45569],[-107.34176,45.46236],[-107.35153,45.47074],[-107.35465,45.47181],[-107.35823,45.47597],[-107.35736,45.47781],[-107.35434,45.47792],[-107.35792,45.48347],[-107.35344,45.48431],[-107.35403,45.4867],[-107.35181,45.48633],[-107.35,45.48375],[-107.35065,45.48181],[-107.3491,45.48014],[-107.35039,45.47764],[-107.34875,45.4754],[-107.33958,45.47764],[-107.34118,45.48153],[-107.34051,45.48347],[-107.34238,45.48486],[-107.34063,45.48597],[-107.34236,45.48824],[-107.33792,45.48613],[-107.33701,45.48292],[-107.33458,45.48463],[-107.33069,45.48379],[-107.33549,45.47653],[-107.33403,45.47569],[-107.33181,45.47853],[-107.32819,45.47952],[-107.32653,45.48143],[-107.32625,45.47792],[-107.32847,45.47317],[-107.32319,45.47544],[-107.32365,45.47792],[-107.32192,45.48042],[-107.31986,45.48082],[-107.31736,45.47915],[-107.31576,45.48097],[-107.31653,45.48278],[-107.31236,45.48323],[-107.31264,45.47674],[-107.30542,45.48125],[-107.3064,45.48264],[-107.30432,45.48347],[-107.30188,45.48125],[-107.30458,45.47747],[-107.30375,45.47649],[-107.29931,45.47816],[-107.29738,45.48042],[-107.29725,45.48264],[-107.29597,45.48317],[-107.29501,45.48208],[-107.29606,45.47986],[-107.29149,45.47319],[-107.29347,45.46867],[-107.29014,45.47109],[-107.28484,45.46764],[-107.28208,45.46792],[-107.28069,45.46684],[-107.2862,45.47347],[-107.28817,45.48181],[-107.28768,45.48431],[-107.28542,45.48428],[-107.28208,45.48203],[-107.28181,45.48441],[-107.27764,45.48313],[-107.27819,45.48518],[-107.27069,45.48675],[-107.26375,45.48403],[-107.26375,45.48556],[-107.26769,45.48764],[-107.26741,45.48903],[-107.26458,45.48931],[-107.25667,45.49375],[-107.25903,45.4942],[-107.26319,45.49181],[-107.26514,45.49256],[-107.28069,45.48973],[-107.28264,45.49083],[-107.29208,45.49158],[-107.29458,45.49338],[-107.29875,45.49272],[-107.30347,45.49589],[-107.30542,45.49443],[-107.30819,45.49779],[-107.30986,45.49546],[-107.31403,45.49793],[-107.31958,45.49669],[-107.32438,45.50208],[-107.32292,45.50353],[-107.31875,45.5006],[-107.31736,45.50125],[-107.31746,45.50625],[-107.31372,45.50875],[-107.31854,45.51292],[-107.31903,45.5147],[-107.31403,45.51247],[-107.31286,45.51486],[-107.31448,45.51597],[-107.31181,45.51668],[-107.30681,45.51368],[-107.30458,45.51057],[-107.30153,45.50986],[-107.3016,45.51264],[-107.30014,45.51347],[-107.30231,45.51819],[-107.3005,45.51958],[-107.3056,45.52319],[-107.30592,45.52458],[-107.30347,45.52757],[-107.30069,45.5273],[-107.30042,45.52915],[-107.29208,45.52681],[-107.29431,45.53042],[-107.29181,45.52976],[-107.29134,45.53153],[-107.28764,45.53225],[-107.27792,45.53047],[-107.27319,45.53324],[-107.27792,45.53259],[-107.28319,45.53529],[-107.29069,45.53688],[-107.28942,45.53903],[-107.29319,45.53819],[-107.29375,45.54005],[-107.29708,45.54049],[-107.30319,45.54408],[-107.30455,45.54347],[-107.30095,45.53819],[-107.30125,45.53606],[-107.30597,45.53722],[-107.31014,45.54063],[-107.31736,45.54019],[-107.31875,45.53662],[-107.32292,45.53813],[-107.32238,45.53569],[-107.31608,45.53236],[-107.31747,45.53181],[-107.31708,45.52958],[-107.32267,45.53208],[-107.32764,45.53881],[-107.32903,45.53772],[-107.33069,45.53894],[-107.3316,45.53792],[-107.32877,45.53431],[-107.33044,45.53347],[-107.32764,45.52955],[-107.33681,45.53361],[-107.34069,45.53333],[-107.34208,45.53625],[-107.34431,45.53635],[-107.34569,45.53809],[-107.34708,45.53638],[-107.35181,45.53814],[-107.35387,45.54181],[-107.34844,45.54319],[-107.35882,45.54569],[-107.35931,45.54725],[-107.35653,45.54739],[-107.35346,45.54958],[-107.35597,45.54892],[-107.36233,45.55125],[-107.35931,45.55264],[-107.36208,45.55605],[-107.36403,45.55461],[-107.36986,45.55546],[-107.36895,45.55431],[-107.3698,45.55236],[-107.37292,45.55236],[-107.37484,45.55514],[-107.37003,45.55764],[-107.37069,45.55951],[-107.37208,45.55852],[-107.37736,45.55978],[-107.37736,45.55847],[-107.38014,45.55642],[-107.3816,45.55819],[-107.38064,45.56069],[-107.38319,45.56163],[-107.38458,45.56056],[-107.38764,45.56194],[-107.38664,45.55931],[-107.38958,45.55972],[-107.39069,45.55838],[-107.39347,45.55818],[-107.39406,45.55931],[-107.39181,45.56236],[-107.39792,45.56089],[-107.39792,45.56296],[-107.40213,45.56403],[-107.40292,45.56712],[-107.39681,45.56681],[-107.40283,45.57042],[-107.40001,45.57125],[-107.40069,45.57363],[-107.39264,45.57099],[-107.39042,45.56867],[-107.38896,45.56986],[-107.39292,45.57597],[-107.3839,45.56958],[-107.38347,45.56712],[-107.38097,45.56579],[-107.37986,45.56696],[-107.37449,45.56542],[-107.37944,45.57014],[-107.3784,45.57125],[-107.38014,45.57301],[-107.37817,45.57375],[-107.38014,45.57722],[-107.38347,45.57931],[-107.38319,45.58151],[-107.38001,45.58042],[-107.37986,45.57878],[-107.37804,45.57875],[-107.37708,45.57695],[-107.37201,45.57819],[-107.37393,45.57597],[-107.37235,45.57431],[-107.37397,45.57181],[-107.37302,45.57014],[-107.37465,45.56931],[-107.37331,45.56681],[-107.37102,45.56569],[-107.36931,45.56569],[-107.36958,45.56745],[-107.36792,45.56764],[-107.36905,45.56986],[-107.36846,45.57264],[-107.36685,45.57375],[-107.36208,45.57403],[-107.36135,45.57097],[-107.36369,45.57014],[-107.36125,45.56641],[-107.35819,45.5709],[-107.35514,45.56954],[-107.35347,45.57094],[-107.35139,45.56847],[-107.35261,45.56569],[-107.35218,45.56347],[-107.35329,45.56292],[-107.35236,45.56087],[-107.34875,45.56344],[-107.34486,45.56223],[-107.34069,45.55847],[-107.34146,45.55708],[-107.33972,45.55542],[-107.33986,45.55326],[-107.33688,45.55736],[-107.33421,45.55708],[-107.33581,45.56097],[-107.34097,45.56514],[-107.34208,45.56873],[-107.34448,45.57097],[-107.33375,45.56986],[-107.33069,45.56732],[-107.32882,45.56792],[-107.32181,45.56347],[-107.32569,45.56722],[-107.32472,45.56903],[-107.32773,45.56986],[-107.3256,45.57181],[-107.32914,45.57458],[-107.32859,45.57542],[-107.33006,45.57625],[-107.33042,45.57841],[-107.33236,45.57605],[-107.33458,45.57608],[-107.34431,45.5805],[-107.35023,45.58181],[-107.34931,45.58473],[-107.34403,45.58186],[-107.34019,45.58153],[-107.34203,45.58347],[-107.34042,45.58486],[-107.34301,45.58625],[-107.34118,45.58875],[-107.34375,45.58792],[-107.35105,45.59042],[-107.34938,45.59208],[-107.35108,45.59347],[-107.34806,45.59458],[-107.34968,45.59597],[-107.35403,45.59462],[-107.35986,45.59473],[-107.36181,45.59236],[-107.37597,45.59211],[-107.37403,45.59412],[-107.37153,45.59313],[-107.36958,45.59339],[-107.36903,45.5947],[-107.36597,45.59389],[-107.36554,45.59514],[-107.36834,45.59764],[-107.36347,45.59764],[-107.36073,45.59958],[-107.36014,45.60119],[-107.37069,45.60018],[-107.37388,45.59847],[-107.37215,45.60153],[-107.36736,45.60414],[-107.36759,45.60597],[-107.37102,45.60597],[-107.37125,45.60414],[-107.37597,45.60298],[-107.37792,45.60063],[-107.37975,45.60042],[-107.37986,45.59889],[-107.38332,45.59958],[-107.383,45.59819],[-107.38569,45.59589],[-107.39125,45.59635],[-107.39403,45.594],[-107.39609,45.59458],[-107.39388,45.59597],[-107.39431,45.59809],[-107.38772,45.59903],[-107.38833,45.60042],[-107.39394,45.60208],[-107.39263,45.60347],[-107.39483,45.60458],[-107.39487,45.60597],[-107.39014,45.60442],[-107.38958,45.60663],[-107.38236,45.60235],[-107.37986,45.60431],[-107.38174,45.60653],[-107.37903,45.60621],[-107.37819,45.60773],[-107.37379,45.60708],[-107.37319,45.60876],[-107.38403,45.60974],[-107.38332,45.61097],[-107.38641,45.61236],[-107.38514,45.61345],[-107.38174,45.61153],[-107.37903,45.61149],[-107.38075,45.61347],[-107.37753,45.61319],[-107.3791,45.61514],[-107.37792,45.61561],[-107.37167,45.61347],[-107.37309,45.61597],[-107.37174,45.61764],[-107.3733,45.61931],[-107.37214,45.62069],[-107.38736,45.62266],[-107.38875,45.6211],[-107.39134,45.62153],[-107.39056,45.61903],[-107.39347,45.61897],[-107.39736,45.61597],[-107.39525,45.61903],[-107.40215,45.62347],[-107.40125,45.62417],[-107.39486,45.62139],[-107.39653,45.62566],[-107.38958,45.62264],[-107.38912,45.62403],[-107.38662,45.62403],[-107.38653,45.62603],[-107.37792,45.62356],[-107.38086,45.62986]],
          [[-107.21069,45.62986],[-107.20708,45.62589],[-107.20208,45.62514],[-107.2056,45.62681],[-107.20554,45.62847],[-107.20755,45.62986]],
          [[-107.52986,45.58568],[-107.52875,45.58676],[-107.52649,45.58625],[-107.52431,45.58251],[-107.52181,45.58626],[-107.51764,45.58501],[-107.51181,45.58557],[-107.51069,45.58727],[-107.50625,45.58631],[-107.50479,45.58097],[-107.50176,45.57958],[-107.50056,45.57653],[-107.50347,45.57708],[-107.50431,45.57502],[-107.50653,45.57581],[-107.50958,45.57453],[-107.51292,45.57502],[-107.5175,45.57292],[-107.50225,45.56986],[-107.50425,45.56875],[-107.50319,45.56708],[-107.50875,45.56514],[-107.50514,45.56309],[-107.50236,45.56416],[-107.50014,45.56335],[-107.49681,45.56564],[-107.49306,45.56431],[-107.49403,45.55951],[-107.49903,45.5594],[-107.50042,45.55761],[-107.50631,45.55847],[-107.50764,45.55706],[-107.51264,45.55988],[-107.51236,45.55586],[-107.51486,45.55672],[-107.51514,45.55808],[-107.51847,45.55719],[-107.52042,45.56032],[-107.52486,45.55857],[-107.52625,45.56042],[-107.52986,45.56186]],
          [[-107.52986,45.55275],[-107.52636,45.55236],[-107.52986,45.54993]],
          [[-107.52986,45.54375],[-107.52708,45.54549],[-107.52458,45.54444],[-107.5252,45.54597],[-107.52431,45.54704],[-107.52292,45.5461],[-107.51729,45.54819],[-107.51745,45.54486],[-107.51539,45.54403],[-107.51514,45.54003],[-107.51313,45.54069],[-107.51321,45.54292],[-107.51072,45.54431],[-107.51211,45.54569],[-107.5112,45.54764],[-107.50903,45.54578],[-107.50486,45.54765],[-107.50236,45.54701],[-107.50333,45.54431],[-107.50125,45.54092],[-107.49931,45.54323],[-107.49653,45.54307],[-107.49236,45.54603],[-107.49014,45.546],[-107.48794,45.54264],[-107.49065,45.54125],[-107.49153,45.53764],[-107.48764,45.5394],[-107.48574,45.53903],[-107.48319,45.53708],[-107.48458,45.53514],[-107.48208,45.53375],[-107.48375,45.53087],[-107.48708,45.53165],[-107.48903,45.52992],[-107.49208,45.53055],[-107.49524,45.52958],[-107.49383,45.52764],[-107.49958,45.52662],[-107.50153,45.52847],[-107.50486,45.52694],[-107.51014,45.52998],[-107.51122,45.52958],[-107.51153,45.52708],[-107.51268,45.52875],[-107.51196,45.53014],[-107.51361,45.53181],[-107.51514,45.53193],[-107.51597,45.53049],[-107.51847,45.53271],[-107.51903,45.53159],[-107.52111,45.53181],[-107.51954,45.52764],[-107.52488,45.52847],[-107.51931,45.5249],[-107.51875,45.52343],[-107.52986,45.52486]],
          [[-107.37347,45.51597],[-107.37488,45.51792],[-107.37764,45.51863],[-107.37944,45.52097],[-107.37936,45.52319],[-107.38153,45.5251],[-107.38912,45.52736],[-107.38653,45.52958],[-107.38709,45.53153],[-107.38405,45.53347],[-107.38398,45.53514],[-107.38125,45.53214],[-107.37986,45.53216],[-107.38079,45.53125],[-107.37819,45.52819],[-107.37923,45.52736],[-107.37868,45.52597],[-107.37319,45.52056],[-107.36708,45.52014],[-107.37155,45.52403],[-107.37076,45.52486],[-107.37224,45.52653],[-107.37153,45.52695],[-107.35736,45.5189],[-107.35595,45.51653],[-107.36264,45.51885],[-107.36625,45.51717],[-107.37153,45.51903],[-107.37384,45.51875],[-107.37347,45.51597]],
          [[-107.34375,45.51799],[-107.35069,45.52175],[-107.35375,45.52162],[-107.35394,45.52542],[-107.35625,45.52735],[-107.35964,45.52792],[-107.35931,45.53052],[-107.35097,45.52938],[-107.35035,45.53014],[-107.35236,45.53192],[-107.34764,45.53069],[-107.34663,45.53153],[-107.34847,45.53292],[-107.34697,45.53319],[-107.34319,45.53115],[-107.34069,45.53136],[-107.34054,45.52847],[-107.33162,45.52292],[-107.34069,45.52563],[-107.34736,45.5249],[-107.34453,45.52292],[-107.34792,45.52292],[-107.34332,45.51931],[-107.34375,45.51799]],
          [[-107.52986,45.50857],[-107.52753,45.50931],[-107.52827,45.51125],[-107.52458,45.51469],[-107.51819,45.51563],[-107.51903,45.51208],[-107.51653,45.5135],[-107.51347,45.51278],[-107.51347,45.51534],[-107.51069,45.5158],[-107.50847,45.51257],[-107.50375,45.51691],[-107.50236,45.51679],[-107.49947,45.51403],[-107.50101,45.51403],[-107.50125,45.51091],[-107.50528,45.50903],[-107.49875,45.50927],[-107.49819,45.50792],[-107.50029,45.50542],[-107.49958,45.50458],[-107.50403,45.50042],[-107.50014,45.50169],[-107.49875,45.50093],[-107.49561,45.50403],[-107.49573,45.50542],[-107.49458,45.5044],[-107.49181,45.50514],[-107.49431,45.50819],[-107.48962,45.50903],[-107.49051,45.51069],[-107.48981,45.51208],[-107.48597,45.51094],[-107.48681,45.51419],[-107.48431,45.51366],[-107.48448,45.51569],[-107.48264,45.51598],[-107.47764,45.51391],[-107.47653,45.51593],[-107.47139,45.50931],[-107.47275,45.50681],[-107.47437,45.50625],[-107.46871,45.50403],[-107.47431,45.50355],[-107.47458,45.50145],[-107.47847,45.50097],[-107.47768,45.50014],[-107.47844,45.49903],[-107.48325,45.49792],[-107.48347,45.49637],[-107.48769,45.49625],[-107.4881,45.49431],[-107.49569,45.4939],[-107.50042,45.49519],[-107.49988,45.49236],[-107.50486,45.49142],[-107.50853,45.48958],[-107.50866,45.48847],[-107.49454,45.48958],[-107.4938,45.48625],[-107.49593,45.48347],[-107.49458,45.4823],[-107.48947,45.48597],[-107.48923,45.48847],[-107.48597,45.48981],[-107.48502,45.48903],[-107.4859,45.48653],[-107.48514,45.48427],[-107.48492,45.48625],[-107.48347,45.48702],[-107.48042,45.48577],[-107.48026,45.48958],[-107.47764,45.49027],[-107.47569,45.49235],[-107.47292,45.49192],[-107.47366,45.49347],[-107.47236,45.49448],[-107.46514,45.49129],[-107.46569,45.49341],[-107.4692,45.49597],[-107.46565,45.49569],[-107.46319,45.49278],[-107.46014,45.49514],[-107.46292,45.49683],[-107.45569,45.49458],[-107.45431,45.49188],[-107.44903,45.49163],[-107.44535,45.48903],[-107.45097,45.48431],[-107.45299,45.48486],[-107.45274,45.48236],[-107.45792,45.47583],[-107.44403,45.48301],[-107.43847,45.48212],[-107.43847,45.48368],[-107.43542,45.48317],[-107.4315,45.47792],[-107.43514,45.47681],[-107.43247,45.47542],[-107.433,45.47181],[-107.4348,45.47042],[-107.43185,45.46819],[-107.43125,45.46446],[-107.44347,45.46436],[-107.44819,45.46148],[-107.45264,45.46103],[-107.45819,45.45764],[-107.45708,45.45708],[-107.45097,45.45944],[-107.44653,45.45929],[-107.44347,45.461],[-107.44014,45.45883],[-107.43819,45.45994],[-107.43681,45.4588],[-107.43458,45.46021],[-107.43181,45.4586],[-107.42958,45.45984],[-107.42764,45.45569],[-107.43069,45.45329],[-107.42769,45.45264],[-107.42489,45.44875],[-107.42597,45.44751],[-107.42122,45.44319],[-107.42375,45.44107],[-107.42625,45.44156],[-107.42819,45.44044],[-107.44069,45.44167],[-107.44319,45.43977],[-107.44542,45.44092],[-107.44764,45.44009],[-107.45431,45.44099],[-107.45038,45.43764],[-107.45398,45.43708],[-107.46477,45.43153],[-107.45847,45.43014],[-107.45736,45.43169],[-107.45292,45.43257],[-107.44819,45.43123],[-107.44882,45.43375],[-107.44542,45.43454],[-107.44672,45.43181],[-107.44569,45.42931],[-107.44208,45.43394],[-107.43764,45.43477],[-107.43526,45.43431],[-107.43696,45.43181],[-107.43625,45.42926],[-107.43094,45.43347],[-107.43125,45.43437],[-107.42764,45.43437],[-107.42653,45.43142],[-107.42486,45.43446],[-107.42042,45.43449],[-107.41931,45.43292],[-107.41819,45.43446],[-107.41569,45.43361],[-107.41153,45.43473],[-107.40958,45.43395],[-107.40657,45.42903],[-107.40633,45.42681],[-107.40757,45.42597],[-107.40353,45.42264],[-107.40653,45.42201],[-107.4075,45.42014]],
          [[-107.38792,45.46003],[-107.38912,45.46097],[-107.38862,45.46347],[-107.38625,45.4636],[-107.38597,45.46527],[-107.38423,45.46569],[-107.38435,45.46847],[-107.37792,45.46903],[-107.37785,45.47097],[-107.38003,45.47264],[-107.37821,45.47403],[-107.37901,45.47542],[-107.37792,45.47736],[-107.37625,45.47326],[-107.37264,45.47264],[-107.37222,45.47375],[-107.37444,45.47431],[-107.37403,45.47557],[-107.37014,45.47486],[-107.3695,45.47792],[-107.36801,45.47792],[-107.36614,45.47403],[-107.36731,45.47319],[-107.36736,45.47076],[-107.37069,45.47125],[-107.36903,45.46736],[-107.37236,45.46812],[-107.37514,45.46718],[-107.37542,45.466],[-107.38208,45.46375],[-107.38264,45.46219],[-107.38653,45.46201],[-107.38792,45.46003]],
          [[-107.38411,45.42014],[-107.38302,45.42097],[-107.38708,45.42826],[-107.38319,45.42672],[-107.38153,45.42758],[-107.38042,45.42538],[-107.37708,45.42742],[-107.37125,45.42285],[-107.36999,45.42514],[-107.37181,45.42751],[-107.36375,45.42539],[-107.35897,45.42014]]
        ]
      }
    },
    {
      "type": "Feature",
      "properties": {"kind": "contour", "elevation": 1040},
      "geometry": {
        "type": "MultiLineString",
        "coordinates": [
          [[-107.35188,45.42014],[-107.35116,45.42153],[-107.35403,45.42208],[-107.35639,45.42486],[-107.35532,45.42764],[-107.35693,45.42931],[-107.35708,45.43251],[-107.36208,45.43435],[-107.36536,45.43764],[-107.36236,45.44153],[-107.36292,45.44347],[-107.36164,45.44625],[-107.35681,45.44692],[-107.35686,45.44875],[-107.35471,45.45125],[-107.3577,45.45569],[-107.35653,45.45778],[-107.35347,45.45469],[-107.34875,45.45672],[-107.34953,45.45097],[-107.34659,45.45042],[-107.34569,45.44668],[-107.34266,45.44875],[-107.34181,45.45104],[-107.33736,45.45023],[-107.33683,45.44903],[-107.33931,45.44438],[-107.33347,45.44734],[-107.3293,45.44514],[-107.32847,45.44243],[-107.32681,45.44301],[-107.32403,45.44173],[-107.31917,45.43792],[-107.31938,45.44069],[-107.32208,45.44407],[-107.32415,45.44458],[-107.3239,45.44597],[-107.3273,45.44986],[-107.32764,45.45317],[-107.33381,45.45681],[-107.3353,45.46069],[-107.33746,45.46181],[-107.33704,45.46375],[-107.33972,45.46403],[-107.34264,45.46741],[-107.34728,45.46958],[-107.34863,45.47264],[-107.34736,45.47418],[-107.34458,45.47288],[-107.34319,45.47435],[-107.33875,45.47505],[-107.33819,45.47142],[-107.33569,45.47343],[-107.33292,45.47286],[-107.33264,45.47445],[-107.33125,45.47479],[-107.33248,45.46847],[-107.33153,45.46741],[-107.32931,45.47038],[-107.32653,45.46942],[-107.32514,45.47185],[-107.32169,45.47181],[-107.31948,45.47569],[-107.32014,45.47716],[-107.31542,45.47594],[-107.31681,45.47129],[-107.31181,45.47501],[-107.30792,45.47594],[-107.31069,45.46868],[-107.30736,45.47138],[-107.30501,45.46986],[-107.3016,45.47458],[-107.30014,45.47413],[-107.29903,45.47615],[-107.29653,45.47567],[-107.29448,45.47153],[-107.29719,45.46764],[-107.29591,45.46597],[-107.29817,45.46292],[-107.29819,45.46038],[-107.29208,45.46516],[-107.29118,45.46931],[-107.28792,45.46856],[-107.28458,45.46621],[-107.28431,45.46471],[-107.282,45.46431],[-107.28319,45.46153],[-107.27958,45.4631],[-107.27698,45.46042],[-107.27694,45.45736],[-107.27514,45.45738],[-107.27405,45.45569],[-107.27514,45.45086],[-107.27236,45.45467],[-107.26597,45.45225],[-107.26412,45.45458],[-107.26588,45.45486],[-107.26653,45.45668],[-107.27038,45.45958],[-107.27332,45.46597],[-107.28315,45.47375],[-107.28556,45.47764],[-107.28367,45.48014],[-107.28538,45.48181],[-107.27792,45.47705],[-107.27875,45.48145],[-107.27486,45.47892],[-107.27252,45.47903],[-107.27492,45.48125],[-107.27514,45.48444],[-107.26986,45.48293],[-107.26875,45.48387],[-107.26256,45.48097],[-107.26347,45.47847],[-107.25569,45.47821],[-107.24875,45.47204],[-107.24989,45.47625],[-107.25183,45.47847],[-107.26223,45.48736],[-107.25883,45.48819],[-107.26106,45.48958],[-107.25486,45.49171],[-107.25375,45.49016],[-107.25208,45.49284],[-107.24597,45.48938],[-107.24659,45.49153],[-107.24569,45.49219],[-107.24208,45.49145],[-107.23723,45.48792],[-107.23319,45.48713],[-107.23183,45.48792],[-107.23935,45.49208],[-107.24292,45.49569],[-107.24625,45.49569],[-107.25403,45.49839],[-107.25986,45.4962],[-107.26292,45.49775],[-107.26458,45.495],[-107.27125,45.4971],[-107.27292,45.49304],[-107.27514,45.49202],[-107.28042,45.49306],[-107.28208,45.49452],[-107.28514,45.49274],[-107.29153,45.49366],[-107.29458,45.496],[-107.29819,45.49369],[-107.30292,45.49847],[-107.30542,45.49689],[-107.30764,45.49904],[-107.30931,45.4991],[-107.31069,45.49757],[-107.31363,45.49958],[-107.31576,45.50375],[-107.31372,45.50403],[-107.31327,45.50625],[-107.30972,45.50819],[-107.31154,45.51042],[-107.31042,45.5114],[-107.30931,45.51016],[-107.30764,45.51063],[-107.30708,45.5056],[-107.30458,45.50479],[-107.30181,45.50781],[-107.29708,45.50328],[-107.29431,45.50375],[-107.29564,45.50597],[-107.29339,45.50681],[-107.29505,45.50958],[-107.29418,45.51153],[-107.2978,45.51514],[-107.29542,45.51514],[-107.29651,45.52014],[-107.29903,45.5223],[-107.30181,45.52258],[-107.3037,45.52542],[-107.30125,45.52574],[-107.29958,45.52385],[-107.29736,45.52363],[-107.29431,45.52561],[-107.29265,45.52347],[-107.29285,45.52125],[-107.29097,45.52176],[-107.28764,45.52046],[-107.28888,45.52319],[-107.28819,45.52981],[-107.28181,45.52989],[-107.27992,45.52514],[-107.27681,45.5247],[-107.27597,45.52304],[-107.27492,45.52458],[-107.27561,45.52736],[-107.27425,45.52875],[-107.26458,45.52776],[-107.26153,45.52604],[-107.25979,45.52847],[-107.25431,45.52833],[-107.26097,45.5314],[-107.26431,45.53106],[-107.27201,45.53514],[-107.26903,45.53944],[-107.27486,45.5375],[-107.27653,45.53563],[-107.27875,45.53587],[-107.28242,45.53819],[-107.28494,45.54292],[-107.28458,45.54424],[-107.28764,45.54655],[-107.28991,45.54653],[-107.29044,45.54486],[-107.28868,45.54264],[-107.29014,45.54192],[-107.29542,45.54356],[-107.30125,45.54822],[-107.30792,45.55094],[-107.30958,45.54915],[-107.31027,45.54542],[-107.30678,45.54264],[-107.30569,45.54014],[-107.31097,45.54348],[-107.31597,45.54361],[-107.31875,45.54634],[-107.31903,45.54264],[-107.32625,45.54017],[-107.33347,45.54457],[-107.33458,45.53986],[-107.33178,45.53542],[-107.33431,45.53419],[-107.34097,45.53845],[-107.34069,45.53986],[-107.34403,45.54057],[-107.34362,45.54264],[-107.34507,45.54431],[-107.35097,45.54708],[-107.35114,45.54931],[-107.34881,45.55042],[-107.34948,45.55125],[-107.35418,45.55153],[-107.35394,45.55319],[-107.36069,45.55779],[-107.36431,45.55901],[-107.36608,45.55792],[-107.36591,45.55986],[-107.36875,45.56192],[-107.36292,45.56134],[-107.36511,45.56431],[-107.36431,45.56493],[-107.35792,45.56236],[-107.35976,45.56514],[-107.35736,45.56819],[-107.35783,45.56931],[-107.35424,45.56847],[-107.35393,45.56708],[-107.35684,45.56208],[-107.35625,45.55903],[-107.35042,45.55518],[-107.35085,45.56014],[-107.34511,45.55903],[-107.34505,45.55486],[-107.34307,45.55014],[-107.34069,45.55052],[-107.33625,45.5478],[-107.33643,45.55181],[-107.33223,45.55181],[-107.33458,45.55486],[-107.32804,45.55431],[-107.33208,45.55822],[-107.33266,45.56153],[-107.33951,45.56569],[-107.33943,45.56819],[-107.33319,45.56651],[-107.33236,45.56759],[-107.33042,45.56458],[-107.32866,45.56653],[-107.32636,45.56403],[-107.32548,45.55903],[-107.32181,45.5555],[-107.32127,45.55764],[-107.32236,45.56012],[-107.32097,45.56056],[-107.31986,45.5594],[-107.31736,45.56162],[-107.31319,45.55995],[-107.31483,45.56264],[-107.31301,45.56319],[-107.31808,45.56681],[-107.31424,45.56847],[-107.32181,45.57344],[-107.32204,45.57653],[-107.32077,45.57847],[-107.32681,45.57923],[-107.33306,45.58181],[-107.33319,45.5841],[-107.33042,45.58486],[-107.33201,45.58569],[-107.33347,45.59019],[-107.33399,45.58847],[-107.33542,45.58825],[-107.34542,45.59327],[-107.34458,45.59409],[-107.34095,45.59292],[-107.34311,45.59597],[-107.34181,45.59858],[-107.34375,45.59834],[-107.34542,45.60083],[-107.34625,45.59789],[-107.34958,45.60052],[-107.34931,45.59861],[-107.35153,45.59904],[-107.35514,45.60162],[-107.35528,45.60403],[-107.35708,45.60478],[-107.36227,45.60403],[-107.3627,45.60597],[-107.36597,45.60875],[-107.36399,45.60875],[-107.36689,45.61319],[-107.36592,45.61569],[-107.36681,45.61797],[-107.36962,45.61847],[-107.36854,45.62014],[-107.36988,45.62181],[-107.36847,45.62319],[-107.3723,45.62319],[-107.37378,45.62542],[-107.37373,45.62875],[-107.37647,45.62986]],
          [[-107.25626,45.62986],[-107.25789,45.62514],[-107.25597,45.62171],[-107.254,45.62264],[-107.25375,45.62511],[-107.25173,45.62569],[-107.25097,45.62913],[-107.24853,45.62847],[-107.24587,45.62264],[-107.24347,45.62155],[-107.24164,45.62208],[-107.24097,45.62516],[-107.23872,45.62653],[-107.23937,45.62986]],
          [[-107.22283,45.62986],[-107.22264,45.62879],[-107.22116,45.62986]],
          [[-107.21869,45.62986],[-107.22125,45.62424],[-107.21708,45.6267],[-107.21403,45.6251],[-107.21264,45.62771],[-107.21069,45.62486],[-107.20477,45.62097],[-107.20696,45.61764],[-107.21417,45.61264],[-107.21042,45.6135],[-107.20806,45.61542],[-107.20347,45.61538],[-107.20125,45.61704],[-107.18912,45.60625],[-107.18926,45.60375],[-107.18092,45.59569],[-107.18283,45.59347],[-107.17792,45.58914],[-107.18029,45.59208],[-107.17896,45.59681],[-107.18132,45.60319],[-107.18407,45.60375],[-107.18539,45.60792],[-107.19042,45.61486],[-107.19174,45.61514],[-107.19038,45.61625],[-107.19319,45.61838],[-107.19488,45.62292],[-107.19347,45.62486],[-107.19653,45.62586],[-107.20018,45.62986]],
          [[-107.17028,45.62986],[-107.15625,45.62542],[-107.16239,45.62986]],
          [[-107.52986,45.58017],[-107.52736,45.58029],[-107.52674,45.57819],[-107.52437,45.57708],[-107.52653,45.57486],[-107.52573,45.57319],[-107.52864,45.57125],[-107.52236,45.57069],[-107.52038,45.56708],[-107.51569,45.5671],[-107.51514,45.56514],[-107.51792,45.56329],[-107.52542,45.56199],[-107.52708,45.5637],[-107.52903,45.56332],[-107.52875,45.56458],[-107.52986,45.56497]],
          [[-107.39514,45.56373],[-107.39931,45.5645],[-107.40025,45.56569],[-107.39569,45.56503],[-107.39181,45.56681],[-107.39764,45.56911],[-107.39792,45.57076],[-107.38542,45.56542],[-107.38792,45.5647],[-107.38986,45.56553],[-107.39514,45.56373]],
          [[-107.52986,45.54159],[-107.52807,45.54097],[-107.52653,45.54359],[-107.52489,45.54181],[-107.52319,45.54186],[-107.52236,45.54418],[-107.5201,45.54542],[-107.52133,45.53792],[-107.51958,45.53611],[-107.52637,45.53403],[-107.52269,45.52986],[-107.52708,45.53179],[-107.52986,45.53119]],
          [[-107.50458,45.52843],[-107.50613,45.53097],[-107.51431,45.53458],[-107.51298,45.53514],[-107.51403,45.53754],[-107.51097,45.53708],[-107.50977,45.53819],[-107.51133,45.54097],[-107.50875,45.54133],[-107.50931,45.54268],[-107.50653,45.54268],[-107.50357,45.53847],[-107.50403,45.53713],[-107.50264,45.53639],[-107.49847,45.53714],[-107.4984,45.53347],[-107.49597,45.53264],[-107.49875,45.5325],[-107.50042,45.53125],[-107.50017,45.53014],[-107.50458,45.52843]],
          [[-107.52986,45.53882],[-107.52866,45.53931],[-107.52986,45.54014]],
          [[-107.52986,45.53011],[-107.52718,45.52847],[-107.52708,45.52708],[-107.52986,45.52846]],
          [[-107.52986,45.49679],[-107.52903,45.49872],[-107.52517,45.49875],[-107.52953,45.50097],[-107.52665,45.50208],[-107.52896,45.50431],[-107.52597,45.50403],[-107.52681,45.50706],[-107.52236,45.50553],[-107.52059,45.50625],[-107.52262,45.50903],[-107.52477,45.50986],[-107.52208,45.51281],[-107.51958,45.50959],[-107.51569,45.5116],[-107.50821,45.51069],[-107.51164,45.50847],[-107.51405,45.50319],[-107.51014,45.50319],[-107.50981,45.50069],[-107.51193,45.49847],[-107.5105,45.49708],[-107.51106,45.49458],[-107.50958,45.49236],[-107.51478,45.49486],[-107.51372,45.48986],[-107.51681,45.48901],[-107.52008,45.49069],[-107.52106,45.48958],[-107.51975,45.48764],[-107.52986,45.48269]],
          [[-107.49264,45.49585],[-107.49736,45.49708],[-107.4946,45.49819],[-107.49544,45.49931],[-107.4945,45.50097],[-107.48799,45.50319],[-107.48767,45.50514],[-107.48986,45.50534],[-107.49145,45.50764],[-107.48655,45.50708],[-107.48708,45.50956],[-107.48358,45.51014],[-107.48486,45.5124],[-107.47764,45.51109],[-107.47619,45.50819],[-107.47968,45.50597],[-107.4759,45.50514],[-107.47653,45.50263],[-107.48236,45.503],[-107.48272,45.50125],[-107.48125,45.49999],[-107.48431,45.49892],[-107.48745,45.50014],[-107.48903,45.49817],[-107.4912,45.49847],[-107.49096,45.49708],[-107.49264,45.49585]],
          [[-107.52986,45.48064],[-107.52569,45.48109],[-107.52431,45.47976],[-107.51764,45.48397],[-107.51403,45.48035],[-107.51458,45.48441],[-107.50347,45.48616],[-107.49977,45.48514],[-107.50319,45.48234],[-107.50738,45.48097],[-107.50792,45.47946],[-107.50339,45.48042],[-107.50125,45.47563],[-107.50056,45.47847],[-107.49875,45.47948],[-107.49319,45.47468],[-107.49295,45.47903],[-107.49097,45.4816],[-107.48948,45.47764],[-107.48653,45.47646],[-107.48681,45.47819],[-107.48375,45.47764],[-107.48565,45.47986],[-107.48431,45.48234],[-107.48264,45.48228],[-107.48181,45.48041],[-107.47843,45.48069],[-107.47979,45.48292],[-107.47764,45.48279],[-107.47762,45.48458],[-107.47553,45.48486],[-107.47875,45.48847],[-107.47472,45.48792],[-107.47618,45.48958],[-107.47569,45.49069],[-107.47431,45.49082],[-107.47181,45.48849],[-107.46792,45.48792],[-107.46671,45.48875],[-107.46542,45.485],[-107.46002,45.48236],[-107.45974,45.47986],[-107.46292,45.47817],[-107.46736,45.47858],[-107.46592,45.47736],[-107.46704,45.47653],[-107.46628,45.47458],[-107.47042,45.4724],[-107.47264,45.46937],[-107.47847,45.4666],[-107.47375,45.46628],[-107.47292,45.46502],[-107.47125,45.46694],[-107.46625,45.46662],[-107.46486,45.46927],[-107.46014,45.46816],[-107.46183,45.47069],[-107.45808,45.47069],[-107.45849,45.47264],[-107.45347,45.47655],[-107.45065,45.47458],[-107.45059,45.47042],[-107.44687,45.46847],[-107.44616,45.46625],[-107.44847,45.46314],[-107.45264,45.46269],[-107.45403,45.46357],[-107.45542,45.46197],[-107.46458,45.46225],[-107.46535,45.45653],[-107.47181,45.45614],[-107.47597,45.4534],[-107.47292,45.45259],[-107.46431,45.45332],[-107.46486,45.44801],[-107.45979,45.45014],[-107.46042,45.45306],[-107.45681,45.45131],[-107.45704,45.45347],[-107.45486,45.455],[-107.45292,45.45549],[-107.44986,45.45385],[-107.44931,45.45693],[-107.44736,45.45597],[-107.44319,45.45836],[-107.43931,45.45531],[-107.43319,45.45518],[-107.43319,45.45347],[-107.4372,45.44958],[-107.43097,45.4508],[-107.43014,45.44875],[-107.4309,45.44569],[-107.42736,45.44443],[-107.42685,45.44319],[-107.42958,45.44185],[-107.43486,45.44224],[-107.44069,45.44559],[-107.44431,45.44332],[-107.44764,45.44295],[-107.45625,45.44667],[-107.45953,45.44236],[-107.45699,45.43931],[-107.45982,45.43931],[-107.46264,45.43661],[-107.47264,45.43462],[-107.47236,45.43292],[-107.47002,45.43181],[-107.47236,45.43125],[-107.47292,45.42946],[-107.47425,45.42958],[-107.47514,45.43162],[-107.47986,45.43035],[-107.48319,45.43185],[-107.48335,45.43014],[-107.48944,45.42792],[-107.48892,45.42653],[-107.48569,45.42775],[-107.48569,45.42637],[-107.47792,45.4254],[-107.47375,45.42292],[-107.47375,45.42524],[-107.46903,45.42658],[-107.46569,45.42287],[-107.46319,45.4225],[-107.46307,45.42403],[-107.46059,45.42431],[-107.4636,45.42708],[-107.46097,45.4288],[-107.45569,45.42438],[-107.45319,45.42372],[-107.45385,45.42625],[-107.45304,45.42708],[-107.45569,45.43014],[-107.45264,45.4314],[-107.44375,45.42121],[-107.44111,45.42514],[-107.44246,45.42708],[-107.44265,45.43042],[-107.44153,45.43163],[-107.43894,45.43069],[-107.43884,45.42514],[-107.43625,45.4234],[-107.43351,45.42458],[-107.43394,45.42736],[-107.43272,45.43014],[-107.4306,45.43069],[-107.42986,45.43222],[-107.4286,45.43153],[-107.43066,45.42764],[-107.42986,45.42694],[-107.42736,45.42963],[-107.42486,45.42858],[-107.42375,45.43153],[-107.41986,45.43013],[-107.41597,45.43146],[-107.40903,45.43127],[-107.40873,45.42764],[-107.41172,45.42681],[-107.40921,45.42458],[-107.41083,45.42319],[-107.41403,45.42319],[-107.41106,45.42014]],
          [[-107.36819,45.43707],[-107.37264,45.43806],[-107.37725,45.44125],[-107.3779,45.44486],[-107.37681,45.44813],[-107.37153,45.44806],[-107.37172,45.44403],[-107.36639,45.43792],[-107.36819,45.43707]],
          [[-107.36841,45.42014],[-107.36653,45.42181],[-107.36792,45.42431],[-107.36403,45.42318],[-107.36083,45.42014]],
          [[-107.3777,45.42014],[-107.37625,45.42323],[-107.37375,45.42211],[-107.37309,45.42014]]
        ]
      }
    },
    {
      "type": "Feature",
      "properties": {"kind": "contour", "elevation": 1060},
      "geometry": {
        "type": "MultiLineString",
        "coordinates": [
          [[-107.34551,45.42014],[-107.34486,45.42236],[-107.3545,45.42458],[-107.35122,45.42792],[-107.35362,45.42958],[-107.35331,45.43153],[-107.35449,45.43264],[-107.35294,45.43375],[-107.35529,45.43431],[-107.35597,45.43574],[-107.36014,45.43547],[-107.36279,45.43736],[-107.36208,45.43851],[-107.35819,45.43931],[-107.35994,45.44097],[-107.35856,45.44264],[-107.35903,45.44559],[-107.35429,45.44403],[-107.35414,45.44931],[-107.35236,45.45038],[-107.35097,45.44785],[-107.34819,45.44858],[-107.34765,45.44653],[-107.34894,45.44431],[-107.34681,45.44382],[-107.34625,45.44138],[-107.34482,45.44236],[-107.34375,45.44622],[-107.34125,45.44837],[-107.33961,45.44792],[-107.34292,45.43912],[-107.33986,45.44014],[-107.33625,45.44504],[-107.33375,45.44427],[-107.33292,45.44516],[-107.33255,45.44319],[-107.33013,45.44292],[-107.33181,45.43872],[-107.32903,45.44024],[-107.32514,45.43969],[-107.32681,45.43419],[-107.32097,45.43744],[-107.31986,45.43455],[-107.31708,45.43292],[-107.31597,45.43363],[-107.31335,45.43125],[-107.31292,45.42926],[-107.3116,45.42903],[-107.3124,45.43347],[-107.31421,45.43597],[-107.31361,45.43764],[-107.31597,45.43795],[-107.31683,45.44097],[-107.3195,45.44319],[-107.31542,45.44429],[-107.31584,45.44542],[-107.32069,45.44668],[-107.32458,45.44962],[-107.32514,45.45042],[-107.32172,45.45181],[-107.32503,45.45375],[-107.32429,45.45569],[-107.32819,45.45574],[-107.33125,45.45745],[-107.33303,45.45931],[-107.33209,45.46097],[-107.3344,45.46236],[-107.33403,45.46502],[-107.33181,45.46532],[-107.32875,45.46319],[-107.32726,45.46431],[-107.32891,45.46653],[-107.32875,45.46862],[-107.32569,45.46623],[-107.32477,45.46819],[-107.32153,45.47007],[-107.32042,45.46592],[-107.31292,45.47058],[-107.31458,45.46123],[-107.31264,45.46319],[-107.31042,45.46257],[-107.31063,45.46486],[-107.30903,45.46674],[-107.30372,45.46625],[-107.30375,45.46814],[-107.30069,45.47188],[-107.29764,45.47353],[-107.29702,45.46931],[-107.29901,45.46764],[-107.29786,45.46569],[-107.3019,45.46236],[-107.30042,45.46097],[-107.30236,45.45618],[-107.30054,45.45569],[-107.30014,45.45146],[-107.29838,45.45486],[-107.29526,45.45597],[-107.29469,45.45847],[-107.2926,45.45792],[-107.29208,45.46097],[-107.2897,45.46181],[-107.29097,45.4636],[-107.28875,45.46634],[-107.28708,45.46653],[-107.28674,45.46347],[-107.28429,45.46292],[-107.28655,45.46042],[-107.28542,45.45742],[-107.28208,45.46025],[-107.27824,45.45986],[-107.27836,45.45819],[-107.2817,45.45542],[-107.27846,45.45597],[-107.28006,45.45292],[-107.27674,45.45292],[-107.28119,45.44625],[-107.27755,45.44764],[-107.27764,45.43998],[-107.27625,45.4394],[-107.27506,45.44069],[-107.27526,45.44236],[-107.274,45.44347],[-107.27432,45.44792],[-107.27208,45.44903],[-107.27208,45.45219],[-107.27042,45.45247],[-107.26966,45.45097],[-107.26514,45.44971],[-107.265,45.44819],[-107.25998,45.44458],[-107.26208,45.43903],[-107.25736,45.44216],[-107.25333,45.44125],[-107.24736,45.43755],[-107.24741,45.43931],[-107.25042,45.44039],[-107.25012,45.44208],[-107.25771,45.45042],[-107.25875,45.454],[-107.26333,45.45681],[-107.26227,45.45931],[-107.26847,45.46086],[-107.26586,45.46208],[-107.26712,45.46292],[-107.2671,45.46486],[-107.27097,45.46615],[-107.28434,45.47764],[-107.28125,45.47749],[-107.27625,45.4735],[-107.27548,45.47625],[-107.27236,45.47694],[-107.27014,45.47551],[-107.26866,45.47792],[-107.27253,45.48097],[-107.27295,45.48264],[-107.26931,45.48016],[-107.26569,45.48069],[-107.26458,45.47287],[-107.26042,45.47593],[-107.25847,45.47593],[-107.25597,45.47359],[-107.25569,45.47618],[-107.25403,45.47605],[-107.25021,45.46958],[-107.25073,45.46708],[-107.24931,45.46688],[-107.24844,45.46431],[-107.24653,45.46616],[-107.24486,45.46593],[-107.23986,45.46188],[-107.23943,45.46403],[-107.24753,45.47431],[-107.24649,45.47569],[-107.24815,45.47819],[-107.25839,45.48625],[-107.25625,45.48597],[-107.25653,45.48963],[-107.25264,45.48806],[-107.25042,45.49043],[-107.25014,45.48917],[-107.24708,45.48872],[-107.24292,45.48389],[-107.24426,45.48958],[-107.24236,45.49053],[-107.23673,45.48569],[-107.23458,45.48619],[-107.23194,45.48458],[-107.23125,45.48256],[-107.22847,45.4842],[-107.22374,45.48292],[-107.22264,45.47718],[-107.22125,45.47955],[-107.21958,45.47985],[-107.21059,45.47764],[-107.21431,45.47935],[-107.21569,45.4819],[-107.21986,45.48559],[-107.22153,45.48572],[-107.22347,45.48853],[-107.23097,45.48999],[-107.23236,45.49219],[-107.23625,45.49247],[-107.23608,45.49569],[-107.24102,45.49625],[-107.24014,45.4986],[-107.24446,45.49819],[-107.24486,45.50086],[-107.24792,45.49993],[-107.25125,45.50278],[-107.25181,45.49975],[-107.25403,45.50125],[-107.25708,45.49871],[-107.25858,45.49958],[-107.25875,45.50123],[-107.26153,45.50011],[-107.26569,45.50221],[-107.26681,45.49748],[-107.26939,45.49819],[-107.27014,45.50022],[-107.27153,45.50063],[-107.27455,45.49764],[-107.27542,45.49443],[-107.27708,45.49408],[-107.28236,45.49673],[-107.28569,45.49425],[-107.28792,45.49408],[-107.29292,45.49677],[-107.29847,45.49618],[-107.30264,45.49947],[-107.30569,45.49843],[-107.30875,45.50009],[-107.31134,45.49958],[-107.31306,45.50208],[-107.31166,45.50403],[-107.31245,45.50542],[-107.31014,45.50711],[-107.30896,45.50653],[-107.30966,45.50514],[-107.30847,45.50167],[-107.30681,45.5041],[-107.30458,45.50146],[-107.30292,45.50192],[-107.30153,45.505],[-107.29847,45.49977],[-107.29569,45.50123],[-107.29014,45.49899],[-107.28806,45.50042],[-107.29089,45.50403],[-107.28542,45.50542],[-107.28965,45.50736],[-107.28955,45.50958],[-107.2926,45.51014],[-107.28917,45.51181],[-107.29268,45.51375],[-107.29206,45.51486],[-107.29484,45.51875],[-107.29375,45.51974],[-107.29153,45.51674],[-107.29069,45.52],[-107.28375,45.51597],[-107.28615,45.52264],[-107.28515,45.52375],[-107.28642,45.52597],[-107.28569,45.52817],[-107.28181,45.52811],[-107.28246,45.52403],[-107.28014,45.52149],[-107.27819,45.52264],[-107.27542,45.51559],[-107.27199,45.52097],[-107.27165,45.52292],[-107.27334,45.52514],[-107.27155,45.52542],[-107.27097,45.52734],[-107.26903,45.52622],[-107.26575,45.52681],[-107.26542,45.52375],[-107.26319,45.524],[-107.26097,45.51969],[-107.25916,45.52486],[-107.25575,45.52264],[-107.25442,45.52486],[-107.25514,45.52676],[-107.25069,45.52614],[-107.24292,45.52153],[-107.24169,45.52181],[-107.24181,45.52292],[-107.24619,45.52903],[-107.25786,45.53208],[-107.25736,45.53442],[-107.25257,45.53542],[-107.25243,45.53764],[-107.25958,45.53709],[-107.26319,45.53394],[-107.26708,45.53523],[-107.26863,45.53736],[-107.26403,45.53986],[-107.26514,45.54591],[-107.2669,45.54236],[-107.27042,45.54129],[-107.27273,45.54236],[-107.27292,45.53903],[-107.276,45.54097],[-107.27684,45.53681],[-107.27881,45.53708],[-107.28175,45.54125],[-107.28009,45.54292],[-107.28081,45.54458],[-107.28264,45.54672],[-107.286,45.54681],[-107.28333,45.55014],[-107.28508,45.55097],[-107.28401,45.55375],[-107.28486,45.55417],[-107.28958,45.54931],[-107.29403,45.55194],[-107.29486,45.54736],[-107.29817,45.54875],[-107.30042,45.55243],[-107.31153,45.55388],[-107.31292,45.54495],[-107.31958,45.54848],[-107.32169,45.54764],[-107.32141,45.54486],[-107.32597,45.54323],[-107.32895,45.54431],[-107.32903,45.54656],[-107.33208,45.54601],[-107.33431,45.55046],[-107.33014,45.54963],[-107.32963,45.55125],[-107.33134,45.55347],[-107.32681,45.55232],[-107.32515,45.55319],[-107.3306,45.55958],[-107.33098,45.56208],[-107.33552,45.56514],[-107.32851,45.56347],[-107.32822,45.55903],[-107.32319,45.55439],[-107.3231,45.55125],[-107.31931,45.55056],[-107.31997,45.55458],[-107.31734,45.55764],[-107.31764,45.56008],[-107.31463,45.55875],[-107.31477,45.55597],[-107.31347,45.5552],[-107.30906,45.55708],[-107.30958,45.56058],[-107.30458,45.56292],[-107.30542,45.56431],[-107.30903,45.56405],[-107.31412,45.56625],[-107.31069,45.5683],[-107.30847,45.56819],[-107.30569,45.57227],[-107.30847,45.57136],[-107.31375,45.57458],[-107.31736,45.57347],[-107.32024,45.57431],[-107.31986,45.57639],[-107.31679,45.57653],[-107.31736,45.57847],[-107.31547,45.58042],[-107.31736,45.58204],[-107.31931,45.58151],[-107.32153,45.58317],[-107.32417,45.58292],[-107.32597,45.58686],[-107.32747,45.58681],[-107.33119,45.59014],[-107.33042,45.5939],[-107.33236,45.59312],[-107.33458,45.59516],[-107.33569,45.59269],[-107.33957,45.59486],[-107.33799,45.59708],[-107.33982,45.59847],[-107.33748,45.60153],[-107.34292,45.60033],[-107.34653,45.60535],[-107.34819,45.60301],[-107.35569,45.60853],[-107.35764,45.60741],[-107.3619,45.60958],[-107.36273,45.61153],[-107.36176,45.61264],[-107.36308,45.61403],[-107.36208,45.61742],[-107.36435,45.61792],[-107.36326,45.61958],[-107.36681,45.62062],[-107.3677,45.62236],[-107.36567,45.62347],[-107.36974,45.62486],[-107.37208,45.62986]],
          [[-107.26839,45.62986],[-107.2683,45.62792],[-107.27153,45.62458],[-107.26708,45.62527],[-107.26188,45.62431],[-107.26394,45.62014],[-107.26823,45.61792],[-107.27172,45.61431],[-107.26736,45.61502],[-107.26708,45.61094],[-107.26236,45.61512],[-107.25958,45.61616],[-107.25764,45.61506],[-107.25736,45.61842],[-107.25431,45.61751],[-107.24931,45.62336],[-107.24826,45.62069],[-107.249,45.61764],[-107.25134,45.61569],[-107.25069,45.61236],[-107.24875,45.61456],[-107.24542,45.61328],[-107.24403,45.61444],[-107.24236,45.61379],[-107.2429,45.61681],[-107.24153,45.61907],[-107.23586,45.61764],[-107.23744,45.62153],[-107.23435,45.62208],[-107.23375,45.62986]],
          [[-107.22619,45.62986],[-107.22764,45.62608],[-107.22431,45.62588],[-107.22223,45.62708],[-107.22708,45.6195],[-107.22486,45.61964],[-107.22264,45.61729],[-107.22097,45.61984],[-107.21903,45.61958],[-107.21898,45.62125],[-107.21736,45.6219],[-107.21542,45.62064],[-107.21069,45.6227],[-107.20926,45.62208],[-107.20948,45.62014],[-107.20823,45.61903],[-107.21569,45.61347],[-107.21823,45.61347],[-107.21787,45.61097],[-107.22097,45.61042],[-107.22569,45.60418],[-107.22792,45.60358],[-107.23025,45.60069],[-107.22792,45.60208],[-107.22514,45.60167],[-107.22292,45.60493],[-107.21486,45.60837],[-107.21319,45.60536],[-107.21042,45.61031],[-107.2072,45.60931],[-107.20625,45.61362],[-107.20389,45.61097],[-107.20134,45.61458],[-107.20014,45.61455],[-107.19531,45.60847],[-107.19263,45.60708],[-107.19594,45.60236],[-107.19097,45.60373],[-107.19069,45.60149],[-107.18746,45.60014],[-107.18739,45.59736],[-107.20381,45.58764],[-107.19764,45.58974],[-107.19639,45.58903],[-107.19569,45.59068],[-107.19208,45.59221],[-107.19014,45.59138],[-107.18875,45.59336],[-107.18431,45.59318],[-107.18224,45.58958],[-107.18259,45.58819],[-107.18009,45.58681],[-107.17993,45.58486],[-107.17764,45.58422],[-107.17719,45.58208],[-107.17519,45.58069],[-107.17739,45.57375],[-107.18069,45.57181],[-107.18153,45.56903],[-107.18,45.56931],[-107.18031,45.57069],[-107.17875,45.57178],[-107.17523,45.57264],[-107.17391,45.57569],[-107.17153,45.57697],[-107.16165,45.57153],[-107.15993,45.56708],[-107.16104,45.56264],[-107.15736,45.56858],[-107.15361,45.56569],[-107.15458,45.56878],[-107.15886,45.57319],[-107.15764,45.57464],[-107.16128,45.57597],[-107.16775,45.58153],[-107.16792,45.58317],[-107.16375,45.58764],[-107.16931,45.58708],[-107.16958,45.58928],[-107.17292,45.59009],[-107.17323,45.59264],[-107.17612,45.59597],[-107.1754,45.59819],[-107.1791,45.60125],[-107.16943,45.59819],[-107.17524,45.60347],[-107.17903,45.60514],[-107.17736,45.60654],[-107.17562,45.60625],[-107.17574,45.60764],[-107.18236,45.6066],[-107.18433,45.60986],[-107.18244,45.61097],[-107.18743,45.61264],[-107.18486,45.61527],[-107.18134,45.61542],[-107.18236,45.61747],[-107.18931,45.618],[-107.19225,45.62208],[-107.18958,45.62226],[-107.19009,45.62458],[-107.18708,45.62514],[-107.19375,45.62675],[-107.19755,45.62986]],
          [[-107.17835,45.62986],[-107.17347,45.62787],[-107.17208,45.6241],[-107.17018,45.62681],[-107.16681,45.62695],[-107.16212,45.62514],[-107.16292,45.62153],[-107.15903,45.62357],[-107.15319,45.62214],[-107.15292,45.61806],[-107.15153,45.61989],[-107.14542,45.61872],[-107.14795,45.62153],[-107.14653,45.62164],[-107.14097,45.6167],[-107.13875,45.61752],[-107.13401,45.61514],[-107.1344,45.61264],[-107.1326,45.60958],[-107.12458,45.60347],[-107.12164,45.60403],[-107.12199,45.60597],[-107.12486,45.60521],[-107.12343,45.60681],[-107.12903,45.60977],[-107.12903,45.61097],[-107.1253,45.61069],[-107.12855,45.61236],[-107.13121,45.61792],[-107.14014,45.6219],[-107.14274,45.62458],[-107.13819,45.62694],[-107.12958,45.62557],[-107.12375,45.62742],[-107.11819,45.62655],[-107.11542,45.62418],[-107.11101,45.62458],[-107.10995,45.62597],[-107.11528,45.62986]],
          [[-107.14369,45.62986],[-107.14764,45.62791],[-107.15403,45.62804],[-107.15542,45.62986]],
          [[-107.11606,45.62986],[-107.11681,45.62903],[-107.11764,45.62986]],
          [[-107.52986,45.56775],[-107.52486,45.56748],[-107.5234,45.56597],[-107.52514,45.56481],[-107.52986,45.56599]],
          [[-107.33653,45.53844],[-107.33809,45.53903],[-107.33846,45.54125],[-107.34097,45.54208],[-107.3408,45.54375],[-107.34963,45.54903],[-107.34629,45.54931],[-107.34653,45.55127],[-107.34319,45.54693],[-107.34223,45.54903],[-107.34014,45.54882],[-107.33736,45.54597],[-107.33653,45.53844]],
          [[-107.52986,45.49414],[-107.52434,45.49542],[-107.52708,45.4974],[-107.52003,45.49708],[-107.52406,45.50069],[-107.52384,45.50264],[-107.52236,45.5039],[-107.51837,45.50431],[-107.51769,45.50097],[-107.51866,45.50014],[-107.51646,45.49903],[-107.51889,45.49625],[-107.51736,45.49392],[-107.52153,45.49406],[-107.52175,45.49292],[-107.52302,45.49292],[-107.52462,45.49042],[-107.52338,45.48847],[-107.52403,45.48741],[-107.52736,45.48935],[-107.52986,45.48843]],
          [[-107.47375,45.47596],[-107.48064,45.47819],[-107.4751,45.47847],[-107.47632,45.48069],[-107.4748,45.48236],[-107.47597,45.48363],[-107.47302,45.48236],[-107.47411,45.48014],[-107.47375,45.47596]],
          [[-107.52986,45.47069],[-107.52936,45.47319],[-107.52681,45.47196],[-107.52699,45.47403],[-107.52292,45.47455],[-107.52184,45.47625],[-107.52244,45.47875],[-107.51903,45.48069],[-107.5183,45.47708],[-107.51486,45.47347],[-107.51423,45.47819],[-107.51157,45.47875],[-107.51136,45.47542],[-107.50917,45.47458],[-107.50986,45.4701],[-107.5083,45.46986],[-107.50672,45.47319],[-107.5073,45.47653],[-107.50514,45.47622],[-107.50565,45.47181],[-107.50319,45.46786],[-107.50208,45.47005],[-107.50084,45.47014],[-107.50153,45.4727],[-107.49847,45.47138],[-107.49375,45.473],[-107.49181,45.47175],[-107.48653,45.47453],[-107.4816,45.47014],[-107.4812,45.46764],[-107.49792,45.46544],[-107.49992,45.46403],[-107.49569,45.46227],[-107.48764,45.46396],[-107.48792,45.46222],[-107.48458,45.4623],[-107.48448,45.46347],[-107.48264,45.4637],[-107.4752,45.45792],[-107.47597,45.45604],[-107.48486,45.45514],[-107.49088,45.44931],[-107.48569,45.44954],[-107.48486,45.45065],[-107.47431,45.45005],[-107.46924,45.45125],[-107.46807,45.45042],[-107.46931,45.44477],[-107.47125,45.44264],[-107.46875,45.44281],[-107.46792,45.44143],[-107.46413,45.44347],[-107.46375,45.44603],[-107.46014,45.44653],[-107.46063,45.44097],[-107.46458,45.43781],[-107.47403,45.43771],[-107.47573,45.43681],[-107.47569,45.43537],[-107.48014,45.43677],[-107.48125,45.43486],[-107.48292,45.4345],[-107.48958,45.43587],[-107.49399,45.43431],[-107.49331,45.43125],[-107.49482,45.43125],[-107.49517,45.42986],[-107.49347,45.42787],[-107.49778,45.42764],[-107.49931,45.42956],[-107.50653,45.42808],[-107.50868,45.42625],[-107.50819,45.42522],[-107.50514,45.42639],[-107.49681,45.42416],[-107.49042,45.42458],[-107.49431,45.42014]],
          [[-107.52986,45.47832],[-107.52804,45.47792],[-107.52986,45.47676]],
          [[-107.52986,45.47563],[-107.52895,45.47542],[-107.52986,45.47479]],
          [[-107.33653,45.46511],[-107.34006,45.46653],[-107.34181,45.46887],[-107.34431,45.46922],[-107.34579,45.47181],[-107.34347,45.47153],[-107.34153,45.47346],[-107.34097,45.47045],[-107.33764,45.46826],[-107.33403,45.47103],[-107.33458,45.46569],[-107.33653,45.46511]],
          [[-107.45653,45.46343],[-107.46107,45.46514],[-107.45903,45.46522],[-107.45736,45.46703],[-107.45319,45.46662],[-107.4509,45.46514],[-107.45153,45.46431],[-107.45569,45.46561],[-107.45653,45.46343]],
          [[-107.44597,45.44457],[-107.45125,45.44581],[-107.45292,45.44875],[-107.45042,45.45053],[-107.44713,45.45014],[-107.44736,45.45447],[-107.44569,45.45336],[-107.44264,45.4536],[-107.44153,45.45176],[-107.43854,45.45236],[-107.44051,45.44764],[-107.44597,45.44457]],
          [[-107.43125,45.44262],[-107.43542,45.44336],[-107.43784,45.44542],[-107.43392,45.44986],[-107.43237,45.44931],[-107.43476,45.44764],[-107.43395,45.44514],[-107.43292,45.44375],[-107.43068,45.44403],[-107.43125,45.44262]],
          [[-107.43357,45.42014],[-107.42687,45.42625],[-107.42236,45.42865],[-107.42042,45.42744],[-107.41819,45.42926],[-107.41514,45.42944],[-107.4152,45.42597],[-107.42022,45.42319],[-107.41807,45.42292],[-107.41653,45.42097],[-107.41771,45.42014]],
          [[-107.48676,45.42014],[-107.48391,45.42069],[-107.48514,45.42347],[-107.48375,45.42498],[-107.47915,45.42208],[-107.47941,45.42014]],
          [[-107.45452,45.42014],[-107.45431,45.42263],[-107.45198,45.42208],[-107.45052,45.42014]],
          [[-107.45916,45.42014],[-107.45973,45.42153],[-107.45847,45.42215],[-107.45553,45.42014]],
          [[-107.4374,45.42014],[-107.43708,45.42181],[-107.43559,45.42014]]
        ]
      }
    },
    {
      "type": "Feature",
      "properties": {"kind": "contour", "elevation": 1080},
      "geometry": {
        "type": "MultiLineString",
        "coordinates": [
          [[-107.34158,45.42014],[-107.34097,45.42431],[-107.34542,45.42392],[-107.34665,45.42542],[-107.35124,45.42569],[-107.34858,45.42736],[-107.35155,45.43264],[-107.34986,45.43356],[-107.35014,45.43486],[-107.35347,45.43542],[-107.35486,45.4369],[-107.36092,45.43708],[-107.35403,45.4388],[-107.35796,45.44097],[-107.35681,45.44314],[-107.35262,45.44292],[-107.35181,45.44078],[-107.34903,45.44122],[-107.34764,45.43827],[-107.34486,45.43937],[-107.34486,45.43407],[-107.33842,45.43819],[-107.33764,45.44082],[-107.33292,45.44138],[-107.33458,45.43514],[-107.32903,45.43786],[-107.32756,45.43708],[-107.3292,45.43319],[-107.32963,45.42736],[-107.32542,45.43292],[-107.32385,45.43292],[-107.32347,45.43463],[-107.31894,45.43292],[-107.32042,45.42931],[-107.31463,45.43042],[-107.31097,45.42117],[-107.31042,45.42409],[-107.30625,45.42347],[-107.30932,45.42903],[-107.30792,45.43118],[-107.30547,45.43181],[-107.30968,45.43486],[-107.30875,45.43692],[-107.31517,45.44208],[-107.31119,45.44236],[-107.31295,45.44708],[-107.32019,45.44875],[-107.32014,45.45042],[-107.31799,45.45153],[-107.32264,45.45431],[-107.32069,45.45512],[-107.32097,45.45622],[-107.33042,45.45833],[-107.33181,45.46387],[-107.32847,45.46027],[-107.32569,45.4619],[-107.32319,45.46644],[-107.32264,45.46166],[-107.31864,45.46431],[-107.31597,45.46458],[-107.31747,45.45764],[-107.31486,45.45902],[-107.31181,45.45701],[-107.31069,45.4575],[-107.31042,45.45975],[-107.30804,45.45958],[-107.30522,45.46431],[-107.30347,45.46403],[-107.30282,45.46097],[-107.30466,45.45875],[-107.30558,45.45264],[-107.30206,45.45347],[-107.30317,45.44792],[-107.30236,45.44583],[-107.30125,45.44812],[-107.29752,45.44986],[-107.29796,45.45181],[-107.29403,45.45227],[-107.29347,45.45429],[-107.29175,45.45486],[-107.29282,45.45625],[-107.29019,45.45708],[-107.29069,45.46017],[-107.28847,45.46044],[-107.28713,45.45792],[-107.28863,45.45403],[-107.28319,45.45732],[-107.28286,45.45597],[-107.28569,45.45236],[-107.28315,45.45264],[-107.28403,45.45066],[-107.27954,45.45042],[-107.28208,45.44937],[-107.28486,45.44565],[-107.2873,45.44514],[-107.28657,45.44347],[-107.2876,45.44097],[-107.27865,45.44597],[-107.27903,45.44179],[-107.28197,45.43958],[-107.28336,45.43597],[-107.27845,45.43847],[-107.27934,45.43375],[-107.27792,45.42915],[-107.27601,45.43264],[-107.27236,45.43444],[-107.27283,45.43625],[-107.27101,45.43792],[-107.27165,45.44042],[-107.27075,45.44153],[-107.27217,45.44514],[-107.27055,45.44681],[-107.27014,45.45021],[-107.2669,45.44681],[-107.26457,45.44681],[-107.26428,45.44514],[-107.26597,45.44319],[-107.26252,45.44236],[-107.26347,45.44027],[-107.2663,45.43958],[-107.26758,45.43736],[-107.26486,45.43756],[-107.26354,45.43625],[-107.26369,45.43319],[-107.26181,45.42879],[-107.25989,45.42875],[-107.26049,45.43042],[-107.25883,45.43542],[-107.25986,45.43827],[-107.25736,45.4406],[-107.25431,45.43706],[-107.25327,45.43931],[-107.24986,45.438],[-107.24663,45.43597],[-107.24625,45.43418],[-107.24153,45.43278],[-107.23942,45.42903],[-107.23736,45.42856],[-107.23507,45.42958],[-107.23542,45.43153],[-107.23681,45.43163],[-107.23347,45.4322],[-107.23819,45.43517],[-107.24486,45.44274],[-107.2517,45.44708],[-107.25313,45.45125],[-107.25625,45.45104],[-107.25643,45.45264],[-107.25419,45.45486],[-107.25786,45.45569],[-107.25683,45.45736],[-107.25847,45.45842],[-107.25819,45.46047],[-107.26218,45.46153],[-107.26264,45.46307],[-107.26515,45.46403],[-107.26347,45.46577],[-107.27208,45.46918],[-107.27458,45.47518],[-107.27208,45.47538],[-107.26875,45.47183],[-107.26847,45.47542],[-107.26681,45.47616],[-107.26579,45.47208],[-107.26645,45.46958],[-107.26458,45.4686],[-107.25986,45.47431],[-107.25821,45.47403],[-107.25653,45.46979],[-107.25375,45.47284],[-107.25211,45.46903],[-107.25519,45.46403],[-107.25036,45.46486],[-107.24764,45.45847],[-107.24486,45.46389],[-107.24366,45.46042],[-107.24153,45.45882],[-107.23958,45.45953],[-107.23729,45.45625],[-107.23742,45.45458],[-107.23542,45.45505],[-107.23125,45.4517],[-107.23462,45.45875],[-107.23375,45.46187],[-107.23643,45.46319],[-107.23625,45.46506],[-107.23772,45.46653],[-107.23722,45.46903],[-107.24189,45.47042],[-107.24349,45.47569],[-107.25236,45.48319],[-107.2546,45.48708],[-107.25153,45.4863],[-107.24792,45.48768],[-107.24502,45.48431],[-107.24466,45.48014],[-107.24236,45.47825],[-107.24264,45.48092],[-107.24102,45.48264],[-107.23903,45.48162],[-107.23847,45.48236],[-107.24236,45.48838],[-107.23542,45.48397],[-107.23261,45.48014],[-107.23042,45.47993],[-107.23014,45.47661],[-107.22782,45.47931],[-107.22819,45.48145],[-107.22486,45.48208],[-107.22539,45.47014],[-107.22347,45.46978],[-107.22014,45.46609],[-107.22163,45.47319],[-107.22097,45.47799],[-107.21708,45.47432],[-107.21564,45.47403],[-107.21718,45.47653],[-107.21597,45.47765],[-107.21069,45.47437],[-107.20958,45.47543],[-107.20431,45.47288],[-107.20208,45.47358],[-107.19514,45.47046],[-107.19927,45.47597],[-107.19442,45.47792],[-107.19875,45.47905],[-107.20236,45.47783],[-107.20796,45.47986],[-107.20919,45.48069],[-107.20937,45.48542],[-107.21236,45.48466],[-107.21694,45.48569],[-107.21568,45.48792],[-107.21748,45.48875],[-107.21764,45.4909],[-107.22069,45.48944],[-107.22319,45.49301],[-107.22486,45.49065],[-107.22597,45.49295],[-107.22903,45.49103],[-107.23014,45.49517],[-107.2346,45.49375],[-107.23266,45.49708],[-107.23431,45.49873],[-107.23764,45.49744],[-107.23736,45.50102],[-107.24319,45.49952],[-107.24192,45.50125],[-107.24236,45.50429],[-107.24431,45.50291],[-107.24681,45.50347],[-107.24764,45.50138],[-107.25014,45.50557],[-107.25403,45.50527],[-107.25403,45.50292],[-107.25569,45.50189],[-107.25681,45.50398],[-107.26153,45.50214],[-107.26486,45.50514],[-107.26681,45.50519],[-107.26847,45.50122],[-107.27181,45.50252],[-107.27521,45.50014],[-107.27708,45.49488],[-107.28153,45.49768],[-107.28375,45.49757],[-107.28764,45.49487],[-107.29236,45.49728],[-107.29708,45.49769],[-107.29542,45.50007],[-107.29292,45.49968],[-107.28903,45.49579],[-107.28212,45.49986],[-107.28898,45.50319],[-107.28792,45.50414],[-107.28044,45.50319],[-107.28285,45.50764],[-107.28755,45.50792],[-107.28795,45.51042],[-107.28673,45.51125],[-107.29042,45.51375],[-107.2884,45.51486],[-107.28847,45.51733],[-107.28403,45.51253],[-107.28056,45.51486],[-107.28319,45.51819],[-107.28375,45.52274],[-107.28069,45.5194],[-107.27861,45.52014],[-107.27915,45.51764],[-107.27658,45.51347],[-107.27625,45.51039],[-107.27375,45.51125],[-107.27431,45.51264],[-107.27259,45.51375],[-107.27236,45.51577],[-107.26978,45.51625],[-107.2723,45.51819],[-107.26997,45.52014],[-107.27067,45.52181],[-107.26855,45.52319],[-107.26958,45.52503],[-107.26736,45.52527],[-107.26597,45.51949],[-107.26334,45.52264],[-107.26181,45.51368],[-107.26085,45.51375],[-107.26018,45.51792],[-107.25825,45.52014],[-107.25847,45.52221],[-107.25635,45.52097],[-107.25653,45.5166],[-107.25234,45.51931],[-107.25245,45.52181],[-107.25069,45.52483],[-107.24801,45.52264],[-107.24736,45.51922],[-107.24458,45.52106],[-107.24069,45.5162],[-107.23681,45.51675],[-107.23236,45.51264],[-107.23458,45.51819],[-107.23199,45.51986],[-107.23625,45.52025],[-107.23739,45.52153],[-107.23412,45.52653],[-107.23736,45.52661],[-107.23986,45.52509],[-107.23833,45.52764],[-107.24403,45.5314],[-107.24625,45.53144],[-107.24867,45.53403],[-107.2481,45.53681],[-107.24403,45.53771],[-107.24253,45.53958],[-107.24458,45.54117],[-107.24931,45.54069],[-107.25153,45.54255],[-107.25347,45.54133],[-107.26069,45.54166],[-107.26392,45.54431],[-107.26292,45.54542],[-107.26028,45.54514],[-107.2636,45.54708],[-107.26431,45.55079],[-107.26758,45.54847],[-107.26875,45.54386],[-107.27347,45.54437],[-107.27431,45.54218],[-107.27792,45.54177],[-107.27634,45.54347],[-107.27708,45.54496],[-107.28289,45.54819],[-107.27764,45.54847],[-107.27927,45.55097],[-107.28245,45.55181],[-107.27898,45.55514],[-107.28208,45.55691],[-107.28375,45.55593],[-107.28653,45.55969],[-107.2876,45.55847],[-107.28719,45.55375],[-107.28958,45.55165],[-107.29202,45.55264],[-107.29125,45.55448],[-107.29382,45.55431],[-107.29458,45.55674],[-107.29672,45.55458],[-107.29681,45.55081],[-107.30014,45.55453],[-107.30424,45.55431],[-107.30701,45.55903],[-107.30125,45.56005],[-107.30228,45.56264],[-107.29931,45.5619],[-107.29706,45.56542],[-107.30125,45.56514],[-107.30069,45.56739],[-107.30442,45.56597],[-107.31035,45.56625],[-107.30266,45.56958],[-107.30328,45.57153],[-107.30067,45.57208],[-107.30097,45.57442],[-107.31042,45.57511],[-107.31083,45.57764],[-107.31444,45.57792],[-107.31149,45.58014],[-107.31514,45.58259],[-107.31542,45.58406],[-107.31708,45.58431],[-107.31958,45.58717],[-107.32264,45.58538],[-107.32403,45.5895],[-107.32611,45.58903],[-107.32931,45.59094],[-107.3279,45.59208],[-107.32893,45.59347],[-107.32589,45.59403],[-107.32736,45.59636],[-107.33264,45.59505],[-107.33264,45.59868],[-107.33569,45.59721],[-107.33751,45.59958],[-107.33408,45.60347],[-107.34042,45.6025],[-107.34444,45.60458],[-107.34454,45.60819],[-107.34847,45.60606],[-107.34917,45.60792],[-107.35264,45.60819],[-107.35514,45.61059],[-107.35847,45.60981],[-107.36064,45.61069],[-107.35903,45.61153],[-107.36065,45.61458],[-107.3599,45.61847],[-107.36161,45.61903],[-107.36146,45.62042],[-107.36597,45.62174],[-107.3642,45.62375],[-107.36831,45.62569],[-107.37096,45.62986]],
          [[-107.34981,45.62986],[-107.35153,45.62602],[-107.34764,45.62752],[-107.34319,45.62407],[-107.33681,45.62287],[-107.34182,45.62986]],
          [[-107.30048,45.62986],[-107.30097,45.62855],[-107.29826,45.62986]],
          [[-107.27153,45.62986],[-107.27174,45.62875],[-107.27375,45.62875],[-107.27486,45.62565],[-107.27728,45.62514],[-107.28032,45.62069],[-107.27792,45.62032],[-107.27597,45.62187],[-107.27292,45.62139],[-107.27014,45.62269],[-107.26805,45.61958],[-107.27097,45.62013],[-107.27181,45.61747],[-107.27729,45.61542],[-107.27712,45.61403],[-107.2801,45.61181],[-107.27962,45.61042],[-107.28264,45.60569],[-107.27958,45.60629],[-107.27708,45.60913],[-107.27125,45.61126],[-107.27004,45.61014],[-107.27095,45.60319],[-107.26764,45.6023],[-107.26562,45.60403],[-107.26542,45.60648],[-107.26069,45.60603],[-107.26042,45.60903],[-107.259,45.61042],[-107.26069,45.61314],[-107.25819,45.61221],[-107.25401,45.61292],[-107.25398,45.61014],[-107.25565,45.60764],[-107.25347,45.60492],[-107.25093,45.60875],[-107.24681,45.60653],[-107.24792,45.61153],[-107.24153,45.60781],[-107.24101,45.61014],[-107.24256,45.61208],[-107.23708,45.61014],[-107.23958,45.61614],[-107.23375,45.61353],[-107.23071,45.61764],[-107.2322,45.61958],[-107.22931,45.62492],[-107.22747,45.62292],[-107.23075,45.61958],[-107.22708,45.61269],[-107.22347,45.61463],[-107.22125,45.61421],[-107.21995,45.61236],[-107.22292,45.61142],[-107.22708,45.60589],[-107.23069,45.6058],[-107.23123,45.60236],[-107.23597,45.59918],[-107.23708,45.59665],[-107.23986,45.59617],[-107.23955,45.59375],[-107.24275,45.59097],[-107.23875,45.59223],[-107.23736,45.59085],[-107.23514,45.59404],[-107.23153,45.59326],[-107.22903,45.59458],[-107.22569,45.59945],[-107.22236,45.59462],[-107.22131,45.59625],[-107.22153,45.60165],[-107.21875,45.60056],[-107.21765,45.60403],[-107.21569,45.60522],[-107.21208,45.60087],[-107.21139,45.60236],[-107.20875,45.60235],[-107.21132,45.60458],[-107.20778,45.60569],[-107.2085,45.60792],[-107.20302,45.60597],[-107.20497,45.60986],[-107.20181,45.60872],[-107.2019,45.61153],[-107.19958,45.61254],[-107.19625,45.60772],[-107.19411,45.60681],[-107.1971,45.60542],[-107.19697,45.60319],[-107.19919,45.60181],[-107.19879,45.59931],[-107.19319,45.60115],[-107.1892,45.59986],[-107.18875,45.59813],[-107.19519,45.59542],[-107.19681,45.59331],[-107.20169,45.59236],[-107.20164,45.59097],[-107.20431,45.59042],[-107.20569,45.58829],[-107.20958,45.58663],[-107.21197,45.58319],[-107.21833,45.57958],[-107.21403,45.58085],[-107.21181,45.57835],[-107.21014,45.5819],[-107.20847,45.58226],[-107.20625,45.58087],[-107.20649,45.58375],[-107.20347,45.58585],[-107.19931,45.58252],[-107.19997,45.58542],[-107.19734,45.58458],[-107.19862,45.58736],[-107.19764,45.5884],[-107.19181,45.58526],[-107.19463,45.58986],[-107.18814,45.58847],[-107.18681,45.5921],[-107.18432,45.58986],[-107.18574,45.58681],[-107.18293,45.58625],[-107.18403,45.58204],[-107.18125,45.58194],[-107.18069,45.5797],[-107.17875,45.58069],[-107.17747,45.57958],[-107.17905,45.57542],[-107.18153,45.57494],[-107.18483,45.57181],[-107.18455,45.57042],[-107.18865,45.56792],[-107.19102,45.56208],[-107.19302,45.56069],[-107.19375,45.55722],[-107.19764,45.55292],[-107.19319,45.5546],[-107.18847,45.56015],[-107.18444,45.56042],[-107.18431,45.56517],[-107.18236,45.56548],[-107.17958,45.56338],[-107.18062,45.56764],[-107.17847,45.56611],[-107.17592,45.56708],[-107.17783,45.56931],[-107.17625,45.57084],[-107.17125,45.56868],[-107.17245,45.57347],[-107.16931,45.5755],[-107.16538,45.57208],[-107.16486,45.56954],[-107.16208,45.56854],[-107.16137,45.56708],[-107.16496,45.56681],[-107.16497,45.56542],[-107.16268,45.56458],[-107.16381,45.56403],[-107.16374,45.55653],[-107.16708,45.54759],[-107.16597,45.54725],[-107.16125,45.55196],[-107.15942,45.56097],[-107.15653,45.56573],[-107.15147,45.56042],[-107.14764,45.5497],[-107.14431,45.54762],[-107.14637,45.55292],[-107.14514,45.55446],[-107.14292,45.5533],[-107.14234,45.55431],[-107.14559,45.55681],[-107.14153,45.55792],[-107.14719,45.55931],[-107.14848,45.56292],[-107.14609,45.56431],[-107.14928,45.56458],[-107.14872,45.56653],[-107.15125,45.5664],[-107.15208,45.57014],[-107.1565,45.57347],[-107.14847,45.57149],[-107.14886,45.57375],[-107.14544,45.57486],[-107.15181,45.57528],[-107.15035,45.57792],[-107.15125,45.57824],[-107.15486,45.57667],[-107.15875,45.57688],[-107.16023,45.57819],[-107.15623,45.57958],[-107.15792,45.58102],[-107.1663,45.58097],[-107.16625,45.58237],[-107.16199,45.58319],[-107.16249,45.58542],[-107.16129,45.58653],[-107.15415,45.58736],[-107.15569,45.58899],[-107.16153,45.5909],[-107.16458,45.58999],[-107.17081,45.59097],[-107.16952,45.59292],[-107.17292,45.59653],[-107.16903,45.59523],[-107.16764,45.59652],[-107.16189,45.59597],[-107.16419,45.59764],[-107.16306,45.59958],[-107.16625,45.59923],[-107.16958,45.60051],[-107.17309,45.60597],[-107.17042,45.60757],[-107.1663,45.60792],[-107.17069,45.60913],[-107.17069,45.61061],[-107.17944,45.60931],[-107.17847,45.61135],[-107.185,45.61319],[-107.18125,45.61414],[-107.17847,45.61189],[-107.17521,45.61431],[-107.18044,45.61653],[-107.17977,45.61819],[-107.17763,45.61903],[-107.17819,45.61989],[-107.18375,45.61828],[-107.18809,45.61875],[-107.18988,45.62097],[-107.18686,45.62069],[-107.18764,45.62385],[-107.18431,45.623],[-107.18333,45.62514],[-107.18819,45.62737],[-107.19181,45.6272],[-107.19577,45.62986]],
          [[-107.23044,45.62986],[-107.22903,45.62799],[-107.23132,45.62986]],
          [[-107.187,45.62986],[-107.18542,45.62882],[-107.18507,45.62986]],
          [[-107.17907,45.62986],[-107.17819,45.62833],[-107.17569,45.62831],[-107.17375,45.62662],[-107.17444,45.62458],[-107.17306,45.62347],[-107.17347,45.62063],[-107.17097,45.62186],[-107.16839,45.62153],[-107.17078,45.62458],[-107.17014,45.62538],[-107.16819,45.62378],[-107.1635,45.62431],[-107.16568,45.61875],[-107.16536,45.61653],[-107.16014,45.6222],[-107.15514,45.62056],[-107.15587,45.61292],[-107.15486,45.6114],[-107.15292,45.61299],[-107.15264,45.61578],[-107.15014,45.61549],[-107.15014,45.61722],[-107.14653,45.61439],[-107.14505,45.61681],[-107.13849,45.61375],[-107.14247,45.60819],[-107.13514,45.6111],[-107.13284,45.60458],[-107.12844,45.60319],[-107.13118,45.60181],[-107.12751,45.60069],[-107.13065,45.60014],[-107.12955,45.59625],[-107.1317,45.59431],[-107.13046,45.59292],[-107.13222,45.59014],[-107.13014,45.58875],[-107.12847,45.59153],[-107.12514,45.59069],[-107.12689,45.59236],[-107.1244,45.59347],[-107.12542,45.59519],[-107.12208,45.59191],[-107.11736,45.59042],[-107.11681,45.58899],[-107.10935,45.58875],[-107.10953,45.59042],[-107.11264,45.59356],[-107.12014,45.59754],[-107.12042,45.59981],[-107.11736,45.59931],[-107.11375,45.59563],[-107.11014,45.59443],[-107.10936,45.59542],[-107.11118,45.59764],[-107.11052,45.59958],[-107.11281,45.60181],[-107.11236,45.60354],[-107.11514,45.60569],[-107.11411,45.60708],[-107.11644,45.60875],[-107.11708,45.61147],[-107.11919,45.61208],[-107.11939,45.61403],[-107.12694,45.61514],[-107.12653,45.61736],[-107.12752,45.61847],[-107.12653,45.62074],[-107.13069,45.61955],[-107.13403,45.62042],[-107.13711,45.62458],[-107.13069,45.62309],[-107.12597,45.62419],[-107.12436,45.62347],[-107.12319,45.62078],[-107.12125,45.62164],[-107.11736,45.61979],[-107.11514,45.6214],[-107.10958,45.61666],[-107.10764,45.62014],[-107.10569,45.61958],[-107.10319,45.61745],[-107.09978,45.61681],[-107.09875,45.61375],[-107.09653,45.61319],[-107.09458,45.60995],[-107.09219,45.61236],[-107.09732,45.62264],[-107.09597,45.62377],[-107.09014,45.62356]],
          [[-107.21681,45.61508],[-107.21931,45.61553],[-107.21951,45.61764],[-107.21674,45.61708],[-107.21569,45.61851],[-107.21347,45.61834],[-107.21264,45.62074],[-107.21114,45.62069],[-107.21125,45.61756],[-107.21681,45.61508]],
          [[-107.32403,45.54513],[-107.32649,45.54542],[-107.32616,45.54681],[-107.32868,45.54819],[-107.32736,45.55117],[-107.32417,45.54958],[-107.32268,45.54569],[-107.32403,45.54513]],
          [[-107.52986,45.46434],[-107.52708,45.46282],[-107.52881,45.46625],[-107.52569,45.46484],[-107.52343,45.46542],[-107.52642,45.46736],[-107.52517,45.46819],[-107.52736,45.47033],[-107.52319,45.46874],[-107.52292,45.47183],[-107.51875,45.47285],[-107.51869,45.46847],[-107.51764,45.46736],[-107.51264,45.47219],[-107.51352,45.46931],[-107.51125,45.46547],[-107.50792,45.46734],[-107.50347,45.46542],[-107.51097,45.4606],[-107.51597,45.4616],[-107.51847,45.46005],[-107.51069,45.45847],[-107.50875,45.45694],[-107.50625,45.45911],[-107.49792,45.45869],[-107.49625,45.46034],[-107.49319,45.46023],[-107.48792,45.45625],[-107.50125,45.44779],[-107.50204,45.44569],[-107.49347,45.4473],[-107.49347,45.44486],[-107.48875,45.44788],[-107.48764,45.44591],[-107.48042,45.448],[-107.47226,45.44736],[-107.47516,45.44181],[-107.47449,45.43931],[-107.47569,45.4385],[-107.48069,45.43933],[-107.48285,45.43875],[-107.48319,45.43741],[-107.48764,45.43844],[-107.49542,45.43707],[-107.49649,45.43458],[-107.4992,45.43403],[-107.49903,45.43279],[-107.50097,45.43338],[-107.50232,45.43292],[-107.50202,45.43153],[-107.50403,45.43134],[-107.50764,45.43246],[-107.51032,45.43125],[-107.51042,45.4292],[-107.51577,45.42847],[-107.51681,45.42685],[-107.51952,45.42653],[-107.5194,45.42542],[-107.52753,45.42208],[-107.51875,45.42201],[-107.51181,45.42354],[-107.51425,45.42014]],
          [[-107.49931,45.46677],[-107.50042,45.46805],[-107.49681,45.46989],[-107.4948,45.46958],[-107.49375,45.47126],[-107.49042,45.47069],[-107.48925,45.46819],[-107.49931,45.46677]],
          [[-107.43066,45.42014],[-107.42542,45.42509],[-107.42042,45.42567],[-107.42398,45.42319],[-107.42229,45.42014]],
          [[-107.51287,45.42014],[-107.50931,45.42267],[-107.50792,45.42216],[-107.50851,45.42375],[-107.50653,45.4246],[-107.50153,45.42235],[-107.49542,45.42246],[-107.49714,45.42014]]
        ]
      }
    },
    {
      "type": "Feature",
      "properties": {"kind": "contour", "elevation": 1100},
      "geometry": {
        "type": "MultiLineString",
        "coordinates": [
          [[-107.36692,45.62986],[-107.36681,45.62615],[-107.36992,45.62986]],
          [[-107.23057,45.42014],[-107.23208,45.42383],[-107.232,45.42875],[-107.22375,45.42532],[-107.22014,45.42708],[-107.22375,45.42875],[-107.22625,45.43204],[-107.23431,45.43574],[-107.24302,45.44514],[-107.24837,45.44792],[-107.25246,45.45292],[-107.25181,45.45573],[-107.25486,45.45683],[-107.25736,45.462],[-107.25514,45.46258],[-107.25375,45.46112],[-107.25153,45.46404],[-107.25122,45.46153],[-107.24949,45.46097],[-107.25192,45.45819],[-107.24847,45.45718],[-107.24764,45.45509],[-107.24569,45.45421],[-107.24606,45.45736],[-107.24375,45.45919],[-107.24097,45.45533],[-107.2391,45.45625],[-107.23948,45.45458],[-107.23736,45.45146],[-107.23653,45.45319],[-107.23486,45.45276],[-107.23407,45.44792],[-107.23236,45.44685],[-107.23181,45.44891],[-107.22903,45.44922],[-107.22236,45.44621],[-107.22976,45.45458],[-107.23178,45.45958],[-107.23002,45.46181],[-107.23181,45.46409],[-107.23372,45.46431],[-107.23499,45.46819],[-107.23399,45.46958],[-107.24157,45.47208],[-107.23886,45.47764],[-107.23966,45.47986],[-107.23667,45.47958],[-107.23773,45.48125],[-107.23687,45.48264],[-107.23183,45.47819],[-107.23244,45.47653],[-107.23069,45.47323],[-107.22903,45.47421],[-107.22819,45.4773],[-107.22594,45.47819],[-107.22585,45.47347],[-107.22875,45.46665],[-107.22431,45.46819],[-107.22458,45.46264],[-107.22181,45.46473],[-107.22042,45.46081],[-107.21792,45.46153],[-107.21514,45.46008],[-107.21333,45.46014],[-107.21681,45.46322],[-107.21986,45.47409],[-107.21403,45.47052],[-107.21334,45.47264],[-107.21458,45.47539],[-107.21014,45.47245],[-107.20903,45.47382],[-107.20708,45.47361],[-107.2055,45.46986],[-107.20042,45.46903],[-107.20287,45.47153],[-107.20236,45.4724],[-107.19569,45.46829],[-107.19403,45.46884],[-107.18792,45.46656],[-107.18764,45.46551],[-107.18569,45.46604],[-107.18125,45.46458],[-107.18213,45.46708],[-107.19375,45.47237],[-107.19586,45.47514],[-107.19512,45.47681],[-107.19236,45.47684],[-107.18625,45.47452],[-107.18375,45.47514],[-107.18457,45.47681],[-107.18625,45.47663],[-107.19069,45.47989],[-107.19719,45.48042],[-107.19597,45.48408],[-107.2001,45.48181],[-107.20097,45.47926],[-107.20486,45.48036],[-107.20776,45.48347],[-107.20227,45.48653],[-107.20097,45.48891],[-107.20847,45.48894],[-107.21181,45.48712],[-107.21347,45.49001],[-107.21523,45.49042],[-107.214,45.49181],[-107.21542,45.49288],[-107.22014,45.49282],[-107.22292,45.4955],[-107.22819,45.49356],[-107.22819,45.49529],[-107.23097,45.49681],[-107.23115,45.49819],[-107.23375,45.50018],[-107.2355,45.49958],[-107.23583,45.50236],[-107.23931,45.50147],[-107.24049,45.50236],[-107.23886,45.50319],[-107.239,45.50431],[-107.24292,45.5059],[-107.24431,45.50371],[-107.24819,45.50446],[-107.2471,45.50569],[-107.24931,45.50706],[-107.25514,45.50638],[-107.26153,45.5038],[-107.26431,45.50628],[-107.26736,45.50641],[-107.26931,45.50314],[-107.27309,45.50292],[-107.27602,45.50069],[-107.27792,45.49697],[-107.28037,45.49819],[-107.27847,45.50686],[-107.28569,45.50937],[-107.28545,45.51125],[-107.28749,45.51375],[-107.28625,45.51413],[-107.28236,45.51082],[-107.28122,45.51347],[-107.27903,45.51363],[-107.27806,45.51125],[-107.27882,45.50986],[-107.27681,45.50672],[-107.27347,45.50664],[-107.27435,45.50875],[-107.27352,45.50958],[-107.26854,45.50903],[-107.2699,45.51125],[-107.26869,45.51236],[-107.27042,45.51442],[-107.26613,45.51514],[-107.27005,45.51903],[-107.26792,45.51944],[-107.26625,45.5169],[-107.26403,45.5189],[-107.26409,45.51347],[-107.26125,45.50839],[-107.25964,45.51208],[-107.25794,45.51264],[-107.25764,45.51482],[-107.25375,45.51264],[-107.25501,45.51542],[-107.25181,45.51559],[-107.25218,45.51764],[-107.25003,45.51792],[-107.25096,45.52042],[-107.24967,45.52153],[-107.25005,45.52264],[-107.249,45.52208],[-107.24764,45.51638],[-107.24542,45.51564],[-107.24549,45.51875],[-107.24431,45.51907],[-107.24262,45.51736],[-107.24125,45.51135],[-107.23931,45.51394],[-107.23514,45.51238],[-107.23292,45.50853],[-107.23141,45.50875],[-107.23097,45.50593],[-107.22764,45.50419],[-107.22871,45.50625],[-107.22642,45.50625],[-107.22972,45.51431],[-107.22726,45.51486],[-107.22736,45.51742],[-107.22355,45.51792],[-107.22569,45.52097],[-107.23418,45.52264],[-107.23208,45.52501],[-107.22792,45.52503],[-107.22775,45.52653],[-107.22476,45.52792],[-107.22931,45.52813],[-107.22986,45.52962],[-107.23319,45.5284],[-107.23764,45.52951],[-107.24208,45.5318],[-107.24264,45.53375],[-107.24597,45.53438],[-107.24542,45.5361],[-107.23986,45.53503],[-107.24074,45.53764],[-107.23569,45.53816],[-107.23446,45.54014],[-107.24062,45.54125],[-107.24014,45.54542],[-107.24236,45.54398],[-107.24569,45.54522],[-107.24618,45.54264],[-107.24819,45.54188],[-107.25042,45.54761],[-107.25347,45.54362],[-107.25597,45.54378],[-107.25733,45.54569],[-107.25617,45.54736],[-107.25899,45.54875],[-107.25736,45.55069],[-107.26086,45.55153],[-107.26208,45.55319],[-107.26139,45.55458],[-107.26371,45.55486],[-107.26431,45.5561],[-107.26672,45.55153],[-107.26952,45.54986],[-107.26995,45.54542],[-107.27486,45.54485],[-107.27575,45.54625],[-107.27294,45.54708],[-107.27552,45.54931],[-107.27333,45.55097],[-107.27862,45.55236],[-107.27262,45.55458],[-107.27571,45.55625],[-107.27491,45.55903],[-107.27958,45.55725],[-107.28097,45.56082],[-107.28375,45.55831],[-107.28625,45.56429],[-107.28878,45.56264],[-107.28931,45.55544],[-107.29181,45.55566],[-107.29149,45.55708],[-107.29347,45.55916],[-107.29708,45.55789],[-107.29844,45.55875],[-107.29847,45.56014],[-107.29595,45.56042],[-107.29653,45.56188],[-107.29382,45.56208],[-107.29578,45.56458],[-107.29228,45.56653],[-107.29343,45.56792],[-107.29236,45.56953],[-107.29681,45.56742],[-107.29681,45.5691],[-107.29947,45.56958],[-107.29725,45.57097],[-107.29872,45.57375],[-107.29542,45.57549],[-107.29819,45.5764],[-107.29875,45.57786],[-107.30125,45.57628],[-107.30736,45.57787],[-107.30875,45.58166],[-107.31779,45.58931],[-107.31958,45.58985],[-107.32181,45.58781],[-107.32319,45.59137],[-107.32625,45.5907],[-107.32611,45.59236],[-107.32264,45.59358],[-107.32625,45.59853],[-107.33124,45.59653],[-107.329,45.59875],[-107.32986,45.60103],[-107.33383,45.60042],[-107.33369,45.60181],[-107.33123,45.60292],[-107.33212,45.60458],[-107.33847,45.60411],[-107.34219,45.60597],[-107.34184,45.60736],[-107.34347,45.6098],[-107.34736,45.60829],[-107.35014,45.61054],[-107.35723,45.61153],[-107.35954,45.61458],[-107.35894,45.61903],[-107.35997,45.62097],[-107.36366,45.62236],[-107.36316,45.62375],[-107.3658,45.62569],[-107.36431,45.62728],[-107.36153,45.62762],[-107.36238,45.62986]],
          [[-107.36131,45.62986],[-107.35792,45.62739],[-107.35408,45.62653],[-107.35486,45.61958],[-107.35125,45.62035],[-107.35153,45.62236],[-107.34847,45.62264],[-107.34967,45.62486],[-107.34708,45.6245],[-107.34264,45.61984],[-107.34125,45.6225],[-107.33875,45.62178],[-107.33597,45.61903],[-107.33597,45.61531],[-107.33319,45.61672],[-107.32708,45.61227],[-107.32181,45.61111],[-107.32243,45.61319],[-107.32866,45.61931],[-107.32927,45.62208],[-107.33534,45.62597],[-107.32974,45.62625],[-107.33177,45.62986]],
          [[-107.30383,45.62986],[-107.30603,45.62875],[-107.30523,45.62764],[-107.30713,45.62431],[-107.30653,45.62345],[-107.30486,45.62447],[-107.30347,45.6238],[-107.30292,45.62521],[-107.29986,45.62642],[-107.29653,45.62403],[-107.29597,45.62843],[-107.29264,45.62569],[-107.28931,45.625],[-107.29056,45.62708],[-107.28819,45.62821],[-107.2844,45.62736],[-107.28488,45.62986]],
          [[-107.28312,45.62986],[-107.27886,45.62653],[-107.28653,45.61681],[-107.28181,45.61707],[-107.27937,45.61819],[-107.27931,45.61928],[-107.27648,45.61764],[-107.2846,45.61264],[-107.28255,45.61042],[-107.28542,45.60958],[-107.28358,45.60764],[-107.28389,45.60653],[-107.28931,45.60514],[-107.28743,45.60264],[-107.28903,45.59717],[-107.28625,45.59782],[-107.28125,45.60349],[-107.27736,45.60156],[-107.27517,45.60681],[-107.27292,45.60769],[-107.27193,45.60486],[-107.27387,45.60264],[-107.27525,45.59681],[-107.27431,45.59586],[-107.27391,45.59736],[-107.27181,45.59794],[-107.26903,45.59458],[-107.26847,45.59994],[-107.26414,45.59653],[-107.26458,45.59881],[-107.26135,45.60014],[-107.26227,45.60236],[-107.26125,45.60333],[-107.25836,45.60375],[-107.25681,45.59944],[-107.25421,45.60014],[-107.25458,45.60295],[-107.24875,45.60104],[-107.25054,45.60375],[-107.24903,45.60498],[-107.24431,45.60261],[-107.24375,45.60644],[-107.23684,45.60486],[-107.2388,45.60847],[-107.23347,45.60807],[-107.23378,45.61153],[-107.23097,45.612],[-107.23042,45.61428],[-107.22899,45.61347],[-107.22875,45.60998],[-107.22414,45.61125],[-107.22784,45.60764],[-107.23267,45.60736],[-107.2321,45.60347],[-107.23847,45.60031],[-107.23764,45.59804],[-107.24181,45.59881],[-107.24392,45.59792],[-107.24431,45.59257],[-107.24819,45.59117],[-107.25239,45.58486],[-107.25569,45.58236],[-107.25208,45.58324],[-107.25014,45.58156],[-107.24918,45.58458],[-107.24153,45.58597],[-107.24236,45.58833],[-107.23958,45.58962],[-107.23569,45.5844],[-107.23361,45.58569],[-107.23458,45.58708],[-107.23292,45.58931],[-107.22866,45.58847],[-107.22931,45.59069],[-107.22607,45.59236],[-107.22542,45.59459],[-107.22153,45.59024],[-107.22014,45.59304],[-107.21576,45.59264],[-107.21931,45.59514],[-107.21847,45.59784],[-107.21579,45.59708],[-107.21706,45.59986],[-107.21639,45.60375],[-107.21514,45.60376],[-107.21097,45.59847],[-107.20742,45.59764],[-107.21071,45.60153],[-107.20379,45.59958],[-107.20477,45.60181],[-107.20848,45.60375],[-107.20542,45.60452],[-107.20542,45.60552],[-107.20181,45.60503],[-107.20119,45.60625],[-107.20319,45.60804],[-107.20042,45.60792],[-107.2008,45.61069],[-107.19931,45.61096],[-107.19646,45.60681],[-107.20089,45.60181],[-107.20043,45.59958],[-107.19847,45.59744],[-107.19319,45.60008],[-107.19103,45.59903],[-107.19153,45.59745],[-107.19792,45.59527],[-107.19792,45.59399],[-107.20236,45.5934],[-107.20343,45.59153],[-107.20597,45.59144],[-107.20643,45.58958],[-107.21122,45.58792],[-107.21431,45.58414],[-107.21681,45.58441],[-107.21708,45.58236],[-107.22095,45.58125],[-107.22458,45.57696],[-107.22996,45.57319],[-107.22542,45.57407],[-107.22403,45.5715],[-107.22264,45.57563],[-107.21486,45.57894],[-107.21292,45.57253],[-107.21181,45.57218],[-107.21069,45.57387],[-107.20897,45.57403],[-107.20958,45.581],[-107.20542,45.57596],[-107.20264,45.57842],[-107.20368,45.58014],[-107.20347,45.5851],[-107.19582,45.57681],[-107.19653,45.57831],[-107.19514,45.57875],[-107.19747,45.58264],[-107.19202,45.58097],[-107.195,45.58375],[-107.19506,45.58542],[-107.19097,45.58348],[-107.18829,45.58431],[-107.19103,45.58764],[-107.18713,45.58653],[-107.18534,45.58514],[-107.18535,45.58292],[-107.18729,45.58097],[-107.18319,45.57906],[-107.18264,45.57765],[-107.18014,45.57793],[-107.17958,45.57644],[-107.18236,45.57662],[-107.18514,45.5736],[-107.1889,45.57319],[-107.18903,45.57002],[-107.19503,45.56875],[-107.19076,45.56681],[-107.19139,45.56458],[-107.19736,45.56449],[-107.19458,45.56208],[-107.19625,45.56078],[-107.19605,45.55958],[-107.20121,45.55625],[-107.20736,45.5545],[-107.21049,45.55181],[-107.20958,45.55112],[-107.20264,45.55341],[-107.20081,45.55292],[-107.2045,45.54681],[-107.20521,45.53736],[-107.20315,45.53514],[-107.20331,45.53875],[-107.20156,45.53986],[-107.20135,45.54292],[-107.19903,45.54611],[-107.19681,45.54403],[-107.19479,45.54403],[-107.19642,45.54597],[-107.19691,45.54903],[-107.19597,45.55047],[-107.19373,45.54931],[-107.19285,45.55264],[-107.19042,45.5546],[-107.18681,45.55089],[-107.18721,45.55458],[-107.18386,45.55403],[-107.18811,45.55708],[-107.18569,45.55712],[-107.18403,45.55887],[-107.17926,45.55819],[-107.18294,45.56181],[-107.18236,45.56403],[-107.17931,45.5616],[-107.17486,45.56037],[-107.17454,45.56181],[-107.17731,45.56347],[-107.17539,45.56375],[-107.17597,45.56582],[-107.17125,45.56542],[-107.17144,45.56708],[-107.16764,45.56861],[-107.16731,45.56514],[-107.16829,45.56403],[-107.16514,45.56359],[-107.16681,45.56153],[-107.16459,45.55986],[-107.16764,45.55792],[-107.16528,45.55681],[-107.16831,45.55569],[-107.16721,45.55347],[-107.16955,45.55264],[-107.16777,45.55097],[-107.17086,45.55042],[-107.16959,45.54931],[-107.17201,45.54597],[-107.17036,45.54486],[-107.17264,45.54125],[-107.16968,45.54069],[-107.17188,45.53903],[-107.16619,45.53764],[-107.16599,45.53292],[-107.16801,45.53181],[-107.16433,45.53125],[-107.16389,45.52903],[-107.16597,45.52759],[-107.16236,45.52695],[-107.16097,45.52446],[-107.15625,45.52149],[-107.15625,45.52273],[-107.15847,45.52329],[-107.15919,45.52514],[-107.15792,45.52819],[-107.16014,45.53431],[-107.15958,45.53625],[-107.16456,45.54264],[-107.16444,45.54375],[-107.16212,45.54458],[-107.16425,45.54764],[-107.1602,45.54708],[-107.1616,45.54903],[-107.16125,45.55075],[-107.15875,45.54967],[-107.15587,45.55014],[-107.1598,45.55292],[-107.15736,45.55243],[-107.15613,45.55347],[-107.1578,45.55431],[-107.15807,45.55625],[-107.15632,45.55847],[-107.15726,45.56014],[-107.15603,45.56125],[-107.1574,45.56292],[-107.15653,45.56337],[-107.15282,45.56042],[-107.15309,45.55764],[-107.15091,45.55625],[-107.15292,45.55486],[-107.15288,45.55319],[-107.15063,45.55208],[-107.15111,45.54958],[-107.14784,45.54792],[-107.14905,45.54486],[-107.14764,45.54486],[-107.14633,45.54264],[-107.14743,45.54014],[-107.14569,45.535],[-107.14347,45.53816],[-107.14097,45.53576],[-107.13569,45.53583],[-107.14041,45.53847],[-107.1399,45.54014],[-107.13641,45.54069],[-107.14271,45.54431],[-107.14175,45.54569],[-107.14289,45.54681],[-107.14224,45.54847],[-107.14397,45.55069],[-107.13486,45.54819],[-107.13708,45.55347],[-107.13354,45.55486],[-107.13963,45.55931],[-107.13809,45.56097],[-107.1397,45.56431],[-107.14363,45.56736],[-107.1406,45.56847],[-107.1441,45.57236],[-107.13903,45.57133],[-107.13625,45.57292],[-107.13958,45.57458],[-107.14026,45.57653],[-107.14347,45.57764],[-107.14347,45.57915],[-107.14681,45.58032],[-107.15069,45.57958],[-107.15069,45.58106],[-107.15901,45.58403],[-107.15606,45.58514],[-107.15542,45.58653],[-107.15319,45.5845],[-107.14875,45.58428],[-107.14797,45.58486],[-107.14873,45.58625],[-107.14658,45.58708],[-107.14681,45.58813],[-107.15181,45.58842],[-107.15403,45.59073],[-107.15736,45.59076],[-107.16097,45.59249],[-107.16935,45.59153],[-107.16514,45.59445],[-107.15509,45.59264],[-107.1586,45.59458],[-107.15671,45.59597],[-107.15797,45.59764],[-107.16316,45.59792],[-107.15958,45.59951],[-107.15653,45.59919],[-107.15605,45.60097],[-107.15875,45.60224],[-107.16181,45.60224],[-107.16569,45.60015],[-107.16925,45.60125],[-107.16958,45.60292],[-107.16813,45.60375],[-107.17025,45.60514],[-107.16903,45.60669],[-107.16292,45.60616],[-107.16079,45.60764],[-107.16363,45.61014],[-107.16875,45.60985],[-107.16698,45.61097],[-107.16819,45.61174],[-107.17514,45.61069],[-107.17524,45.61208],[-107.17264,45.61264],[-107.17307,45.61403],[-107.17075,45.61458],[-107.17822,45.61708],[-107.17514,45.61875],[-107.17097,45.618],[-107.16903,45.61969],[-107.16704,45.61764],[-107.16719,45.61597],[-107.16375,45.61314],[-107.1636,45.61597],[-107.16181,45.61638],[-107.16069,45.6191],[-107.15625,45.61946],[-107.15829,45.61153],[-107.15642,45.61125],[-107.15715,45.60931],[-107.15403,45.60596],[-107.15301,45.60681],[-107.15376,45.61014],[-107.15181,45.60997],[-107.14875,45.61421],[-107.14542,45.61155],[-107.14397,45.61403],[-107.14076,45.61347],[-107.14347,45.60951],[-107.14574,45.60875],[-107.14704,45.60653],[-107.1466,45.60458],[-107.14514,45.60248],[-107.14347,45.6023],[-107.14344,45.60431],[-107.13903,45.60366],[-107.13974,45.60625],[-107.13681,45.60662],[-107.13583,45.60514],[-107.13633,45.60181],[-107.13508,45.60014],[-107.13792,45.60022],[-107.13991,45.59708],[-107.14264,45.59759],[-107.14449,45.59514],[-107.14042,45.59347],[-107.13744,45.59042],[-107.13764,45.58926],[-107.14133,45.58764],[-107.13569,45.58393],[-107.13407,45.58431],[-107.13196,45.57792],[-107.12931,45.57699],[-107.13044,45.58236],[-107.12878,45.58403],[-107.12906,45.58542],[-107.12477,45.58542],[-107.12431,45.587],[-107.11792,45.58478],[-107.11792,45.58192],[-107.11625,45.58063],[-107.11234,45.58069],[-107.11073,45.57625],[-107.10597,45.57614],[-107.10458,45.57476],[-107.1031,45.57792],[-107.10486,45.58069],[-107.09931,45.57817],[-107.09825,45.57847],[-107.09956,45.58125],[-107.09875,45.5817],[-107.09014,45.58147]],
          [[-107.27554,45.62986],[-107.27653,45.62702],[-107.27718,45.62986]],
          [[-107.18245,45.62986],[-107.1752,45.62625],[-107.17689,45.62486],[-107.17552,45.62347],[-107.17569,45.62102],[-107.18514,45.61949],[-107.18569,45.6222],[-107.18153,45.6215],[-107.18307,45.62403],[-107.17903,45.62458],[-107.18651,45.62681],[-107.1884,45.62847],[-107.18764,45.62915],[-107.18375,45.62776],[-107.18425,45.62986]],
          [[-107.09014,45.58523],[-107.09208,45.58676],[-107.09813,45.58653],[-107.10075,45.59125],[-107.10564,45.59597],[-107.1041,45.59792],[-107.10696,45.60208],[-107.10636,45.60403],[-107.11503,45.61431],[-107.11208,45.61543],[-107.10736,45.61206],[-107.10569,45.61483],[-107.10292,45.61442],[-107.09884,45.60931],[-107.09968,45.60792],[-107.09847,45.60493],[-107.09517,45.60403],[-107.09299,45.60125],[-107.09014,45.60234]],
          [[-107.51208,45.46317],[-107.51556,45.46431],[-107.51406,45.46486],[-107.51514,45.46824],[-107.51097,45.46419],[-107.50875,45.46458],[-107.50931,45.46349],[-107.51208,45.46317]],
          [[-107.52986,45.46318],[-107.52686,45.46069],[-107.52986,45.45988]],
          [[-107.52986,45.45535],[-107.52736,45.45649],[-107.51903,45.45668],[-107.51569,45.45542],[-107.51569,45.45222],[-107.51347,45.45348],[-107.51097,45.45262],[-107.51085,45.45486],[-107.50708,45.45452],[-107.50625,45.45542],[-107.50431,45.45324],[-107.50319,45.45502],[-107.49931,45.45606],[-107.49569,45.4544],[-107.49617,45.45708],[-107.49431,45.45786],[-107.49272,45.45653],[-107.49354,45.45431],[-107.50097,45.45034],[-107.50481,45.45014],[-107.50591,45.44625],[-107.51003,45.44625],[-107.50957,45.44347],[-107.51319,45.44153],[-107.51097,45.44086],[-107.50208,45.44336],[-107.49986,45.44097],[-107.49833,45.44431],[-107.49625,45.44462],[-107.49458,45.43995],[-107.49042,45.44484],[-107.48831,45.44014],[-107.50486,45.43435],[-107.50986,45.43506],[-107.51345,45.43319],[-107.51347,45.43076],[-107.51653,45.43204],[-107.51736,45.43015],[-107.52403,45.42943],[-107.52403,45.4271],[-107.52736,45.42817],[-107.52986,45.42553]],
          [[-107.29881,45.42014],[-107.29972,45.42319],[-107.30429,45.42486],[-107.30231,45.42708],[-107.30731,45.42847],[-107.29748,45.43097],[-107.30634,45.43458],[-107.30587,45.43764],[-107.30967,45.44042],[-107.30845,45.44153],[-107.30827,45.44458],[-107.31109,45.44653],[-107.31124,45.44819],[-107.31521,45.44875],[-107.31669,45.45014],[-107.31625,45.45208],[-107.31445,45.45264],[-107.31403,45.45551],[-107.31042,45.45437],[-107.30764,45.45759],[-107.30653,45.45748],[-107.30658,45.45403],[-107.30882,45.45014],[-107.30446,45.45097],[-107.30496,45.44597],[-107.30153,45.44069],[-107.2998,45.44264],[-107.30014,45.44583],[-107.29514,45.44423],[-107.29229,45.44569],[-107.29644,45.44792],[-107.29375,45.44828],[-107.29486,45.45047],[-107.29127,45.45042],[-107.29125,45.45268],[-107.28822,45.45125],[-107.28532,45.44736],[-107.28968,45.44681],[-107.28908,45.44153],[-107.2911,45.44069],[-107.29144,45.43736],[-107.28097,45.44273],[-107.28561,45.43486],[-107.28771,45.43347],[-107.28823,45.43069],[-107.28061,45.43375],[-107.28019,45.42931],[-107.28231,45.42569],[-107.28109,45.42319],[-107.28208,45.42083],[-107.27597,45.42597],[-107.27597,45.42802],[-107.27335,45.42819],[-107.27403,45.43031],[-107.27072,45.43097],[-107.26931,45.43367],[-107.26486,45.43631],[-107.26477,45.43403],[-107.26629,45.43264],[-107.26378,45.43153],[-107.26568,45.42931],[-107.2635,45.42847],[-107.26449,45.42597],[-107.26313,45.42514],[-107.26233,45.42236],[-107.2633,45.42069],[-107.26207,45.42014]],
          [[-107.48458,45.43949],[-107.48785,45.44042],[-107.48764,45.44264],[-107.48431,45.44308],[-107.48292,45.4455],[-107.47931,45.4438],[-107.47867,45.44514],[-107.47458,45.44597],[-107.47764,45.44133],[-107.48458,45.43949]],
          [[-107.3388,45.42014],[-107.33552,45.42236],[-107.33931,45.42344],[-107.33818,45.42514],[-107.34153,45.42657],[-107.34458,45.42542],[-107.34653,45.42655],[-107.34919,45.43125],[-107.34847,45.43502],[-107.35327,45.43764],[-107.35181,45.43911],[-107.34974,45.43903],[-107.34847,45.43639],[-107.34685,45.43625],[-107.34597,45.43141],[-107.3423,45.43153],[-107.34308,45.43347],[-107.33875,45.43514],[-107.33542,45.43912],[-107.33486,45.43742],[-107.3371,45.43403],[-107.33606,45.43208],[-107.33403,45.43395],[-107.33264,45.43314],[-107.32958,45.43495],[-107.33187,45.43042],[-107.33101,45.42847],[-107.33298,45.42764],[-107.33079,45.42653],[-107.33179,45.42458],[-107.32986,45.42094],[-107.32458,45.43146],[-107.32153,45.43082],[-107.32262,45.42764],[-107.31958,45.42541],[-107.31901,45.42764],[-107.31542,45.42782],[-107.31238,45.42014]],
          [[-107.2602,45.42014],[-107.25894,45.42097],[-107.25968,45.42264],[-107.25768,45.42486],[-107.25782,45.42653],[-107.25593,45.42847],[-107.25757,45.43319],[-107.25682,45.43486],[-107.25765,45.43764],[-107.25681,45.43796],[-107.25548,45.43653],[-107.25569,45.43451],[-107.25069,45.43667],[-107.24875,45.43486],[-107.24947,45.43347],[-107.24825,45.43292],[-107.24826,45.43125],[-107.24322,45.43236],[-107.24424,45.42847],[-107.24108,45.43014],[-107.2384,45.42597],[-107.23943,45.42486],[-107.23814,45.42431],[-107.23873,45.42264],[-107.23649,45.42208],[-107.23582,45.42014]],
          [[-107.30878,45.42014],[-107.30875,45.42315],[-107.30298,45.42014]],
          [[-107.50716,45.42014],[-107.50292,45.42126],[-107.49847,45.42097],[-107.49839,45.42014]]
        ]
      }
    },
    {
      "type": "Feature",
      "properties": {"kind": "contour", "elevation": 1120},
      "geometry": {
        "type": "MultiLineString",
        "coordinates": [
          [[-107.22252,45.42014],[-107.22283,45.42181],[-107.22153,45.42287],[-107.21722,45.42208],[-107.22069,45.4255],[-107.21236,45.42429],[-107.20775,45.42514],[-107.21542,45.42847],[-107.22236,45.42987],[-107.22366,45.43125],[-107.22061,45.43264],[-107.22236,45.43391],[-107.22514,45.43353],[-107.23319,45.43662],[-107.23528,45.43875],[-107.23506,45.44069],[-107.23753,45.44125],[-107.23847,45.44373],[-107.24069,45.44351],[-107.2417,45.44597],[-107.24627,45.44764],[-107.24952,45.45292],[-107.24764,45.45337],[-107.24501,45.45042],[-107.24346,45.45264],[-107.24403,45.45713],[-107.24125,45.45371],[-107.23975,45.45347],[-107.23875,45.44924],[-107.23542,45.45146],[-107.23641,45.44681],[-107.23375,45.4466],[-107.23319,45.44366],[-107.23078,45.44542],[-107.23069,45.44772],[-107.22792,45.44645],[-107.22653,45.44753],[-107.22542,45.44681],[-107.22514,45.44341],[-107.22236,45.4453],[-107.22027,45.44403],[-107.21903,45.4413],[-107.21708,45.44375],[-107.21123,45.44375],[-107.21736,45.44581],[-107.22697,45.45375],[-107.22949,45.46014],[-107.22736,45.46102],[-107.22618,45.45819],[-107.22398,45.46125],[-107.22208,45.46166],[-107.21986,45.45767],[-107.21829,45.45764],[-107.21819,45.46031],[-107.21375,45.45893],[-107.21319,45.45719],[-107.21181,45.45759],[-107.20337,45.45236],[-107.20736,45.45756],[-107.21532,45.46403],[-107.21563,45.46569],[-107.21449,45.46681],[-107.21671,45.46819],[-107.21736,45.4714],[-107.21042,45.46587],[-107.21004,45.46819],[-107.21246,45.47069],[-107.21181,45.47221],[-107.20919,45.47153],[-107.20542,45.46802],[-107.20403,45.46906],[-107.20181,45.46682],[-107.20014,45.46768],[-107.19764,45.46499],[-107.19792,45.46923],[-107.19542,45.46611],[-107.1937,45.46625],[-107.19431,45.4679],[-107.19208,45.46748],[-107.19014,45.46433],[-107.18903,45.46489],[-107.18403,45.46075],[-107.17934,45.45931],[-107.17708,45.45614],[-107.17667,45.45903],[-107.17996,45.46264],[-107.17292,45.46252],[-107.17156,45.46403],[-107.17921,45.46458],[-107.17977,45.46569],[-107.17665,45.46708],[-107.17653,45.46835],[-107.17986,45.46809],[-107.18653,45.46998],[-107.19393,45.47431],[-107.19181,45.47605],[-107.18653,45.47327],[-107.18431,45.4741],[-107.17597,45.47245],[-107.17756,45.47403],[-107.17672,45.47542],[-107.17231,45.47653],[-107.18294,45.47625],[-107.17792,45.48104],[-107.18569,45.4778],[-107.18486,45.48084],[-107.18847,45.47924],[-107.18875,45.48163],[-107.19542,45.48155],[-107.19121,45.48542],[-107.19208,45.4864],[-107.19458,45.48511],[-107.19681,45.48556],[-107.20181,45.48091],[-107.20341,45.48125],[-107.20503,45.48347],[-107.20226,45.48403],[-107.19579,45.48875],[-107.19597,45.49025],[-107.19903,45.49069],[-107.19903,45.49428],[-107.20236,45.49039],[-107.20431,45.49266],[-107.20514,45.4913],[-107.20708,45.49164],[-107.21097,45.48961],[-107.21184,45.49097],[-107.21107,45.49236],[-107.21681,45.4951],[-107.21958,45.49464],[-107.22319,45.49642],[-107.22681,45.49498],[-107.235,45.50292],[-107.23726,45.50347],[-107.23792,45.50517],[-107.24236,45.50679],[-107.24486,45.50518],[-107.24903,45.50778],[-107.26057,45.50542],[-107.25625,45.50811],[-107.25792,45.51107],[-107.25514,45.51166],[-107.25181,45.50929],[-107.25057,45.50958],[-107.25334,45.51486],[-107.25069,45.51312],[-107.25069,45.51692],[-107.24597,45.51259],[-107.24319,45.51439],[-107.24153,45.50804],[-107.23847,45.51042],[-107.23931,45.51254],[-107.23542,45.51114],[-107.23439,45.50681],[-107.23119,45.50431],[-107.23261,45.50236],[-107.22986,45.50222],[-107.22681,45.49871],[-107.22514,45.49914],[-107.22592,45.50097],[-107.22486,45.50215],[-107.21847,45.50347],[-107.22131,45.50514],[-107.22427,45.50986],[-107.22682,45.51097],[-107.2211,45.51208],[-107.22505,45.51597],[-107.21789,45.51625],[-107.22308,45.51958],[-107.22014,45.52151],[-107.23024,45.52347],[-107.22505,45.52403],[-107.22412,45.52486],[-107.22571,45.52597],[-107.22375,45.52693],[-107.22014,45.52665],[-107.22104,45.52792],[-107.22042,45.52956],[-107.22292,45.52939],[-107.22292,45.53114],[-107.22764,45.52922],[-107.22653,45.5332],[-107.22986,45.53131],[-107.23181,45.53154],[-107.23264,45.52965],[-107.2379,45.53097],[-107.24005,45.53375],[-107.23705,45.53431],[-107.23932,45.53681],[-107.23257,45.53625],[-107.23348,45.53903],[-107.22853,45.54014],[-107.23391,45.54097],[-107.23236,45.54345],[-107.2387,45.54153],[-107.23892,45.54347],[-107.23542,45.54894],[-107.23847,45.54887],[-107.24208,45.54562],[-107.24292,45.54764],[-107.24597,45.54873],[-107.24764,45.5467],[-107.25042,45.55119],[-107.25292,45.5472],[-107.25523,45.54958],[-107.25446,45.55181],[-107.25927,45.55319],[-107.25764,45.55547],[-107.26097,45.55756],[-107.26236,45.55715],[-107.26458,45.55972],[-107.26765,45.55292],[-107.26936,45.55208],[-107.26976,45.55792],[-107.27321,45.55792],[-107.2715,45.56153],[-107.27681,45.56054],[-107.27648,45.56319],[-107.28014,45.56338],[-107.28167,45.56319],[-107.28333,45.56069],[-107.28372,45.56208],[-107.28187,45.56375],[-107.28625,45.56817],[-107.28833,45.56458],[-107.28958,45.56445],[-107.29008,45.56708],[-107.29169,45.56792],[-107.28951,45.56931],[-107.28908,45.57125],[-107.29236,45.57163],[-107.29403,45.57001],[-107.29565,45.57042],[-107.29574,45.57208],[-107.29292,45.57389],[-107.29119,45.57681],[-107.29444,45.57875],[-107.29653,45.57741],[-107.29792,45.58069],[-107.29986,45.58056],[-107.30097,45.57755],[-107.30181,45.57932],[-107.30597,45.57952],[-107.30719,45.58208],[-107.31097,45.58378],[-107.31699,45.59014],[-107.32153,45.59179],[-107.32093,45.59319],[-107.32463,45.59931],[-107.32706,45.59986],[-107.33097,45.60509],[-107.33847,45.60498],[-107.34097,45.60613],[-107.34059,45.60764],[-107.34292,45.61068],[-107.34792,45.60976],[-107.34907,45.61125],[-107.35236,45.61103],[-107.35403,45.61257],[-107.35625,45.6119],[-107.35675,45.61375],[-107.35871,45.61486],[-107.35792,45.61718],[-107.35486,45.61517],[-107.35375,45.6166],[-107.35097,45.61595],[-107.35006,45.61764],[-107.34764,45.61749],[-107.34903,45.62071],[-107.34569,45.6206],[-107.34208,45.61701],[-107.33931,45.61894],[-107.33803,45.61681],[-107.34032,45.61458],[-107.33924,45.61319],[-107.3394,45.60986],[-107.33625,45.61242],[-107.33319,45.61092],[-107.33405,45.61375],[-107.33236,45.61471],[-107.32919,45.61181],[-107.32931,45.6086],[-107.32653,45.61041],[-107.32373,45.60903],[-107.31939,45.60319],[-107.31931,45.60058],[-107.31708,45.60205],[-107.31301,45.60208],[-107.31653,45.6045],[-107.31722,45.60653],[-107.31113,45.60764],[-107.31767,45.61097],[-107.31721,45.61236],[-107.31871,45.61403],[-107.31536,45.61514],[-107.31597,45.61597],[-107.32247,45.61764],[-107.32248,45.61931],[-107.32608,45.62236],[-107.32486,45.6244],[-107.32233,45.62486],[-107.32681,45.62819],[-107.32549,45.62986]],
          [[-107.3084,45.62986],[-107.30825,45.62569],[-107.31143,45.62597],[-107.31014,45.61995],[-107.30736,45.62117],[-107.30153,45.61891],[-107.30196,45.62069],[-107.29996,45.62153],[-107.30075,45.62375],[-107.29875,45.62474],[-107.296,45.62153],[-107.29319,45.62092],[-107.29486,45.62616],[-107.28931,45.62254],[-107.2844,45.62292],[-107.28519,45.62097],[-107.28767,45.62014],[-107.28653,45.61866],[-107.29069,45.61653],[-107.29151,45.61319],[-107.28708,45.61395],[-107.28642,45.61153],[-107.28798,45.61042],[-107.28456,45.60708],[-107.28736,45.60846],[-107.28931,45.60688],[-107.29273,45.60736],[-107.29385,45.60431],[-107.28903,45.60236],[-107.29369,45.60153],[-107.29113,45.59847],[-107.29514,45.59681],[-107.29458,45.59333],[-107.29125,45.59479],[-107.28903,45.58836],[-107.28711,45.59208],[-107.28581,45.59208],[-107.28617,45.59486],[-107.28177,45.59486],[-107.28214,45.59653],[-107.28069,45.59736],[-107.28147,45.59875],[-107.27958,45.59896],[-107.27903,45.60042],[-107.27663,45.59958],[-107.2765,45.59236],[-107.27347,45.58984],[-107.27208,45.59094],[-107.27153,45.59424],[-107.26569,45.5903],[-107.26597,45.59458],[-107.25819,45.59278],[-107.26042,45.59835],[-107.25486,45.59573],[-107.25375,45.5979],[-107.25014,45.59736],[-107.25007,45.59958],[-107.24597,45.59855],[-107.24541,45.59625],[-107.25054,45.59181],[-107.25125,45.58899],[-107.25559,45.58875],[-107.25616,45.58653],[-107.25404,45.58514],[-107.25653,45.58383],[-107.25849,45.58431],[-107.25895,45.58125],[-107.26069,45.58078],[-107.26458,45.57569],[-107.26097,45.57696],[-107.25903,45.57519],[-107.25945,45.57847],[-107.25708,45.57853],[-107.25347,45.58135],[-107.25196,45.58069],[-107.25125,45.57678],[-107.24708,45.57752],[-107.24843,45.58042],[-107.24792,45.58208],[-107.24431,45.57991],[-107.24368,45.58264],[-107.23847,45.58387],[-107.23687,45.58153],[-107.23335,45.57958],[-107.23329,45.58347],[-107.22938,45.58347],[-107.23069,45.58707],[-107.22375,45.58631],[-107.22662,45.58931],[-107.22458,45.59113],[-107.21903,45.58765],[-107.21767,45.58847],[-107.21961,45.59097],[-107.21903,45.59188],[-107.2137,45.59042],[-107.21283,45.59264],[-107.21719,45.59458],[-107.21653,45.59612],[-107.21298,45.59569],[-107.21551,45.60014],[-107.21403,45.60057],[-107.21134,45.59764],[-107.20597,45.59579],[-107.20597,45.59887],[-107.20227,45.59875],[-107.20408,45.60292],[-107.20049,45.60375],[-107.20202,45.60181],[-107.1986,45.59625],[-107.1994,45.59486],[-107.20653,45.59209],[-107.20875,45.58922],[-107.21847,45.5853],[-107.21819,45.58284],[-107.22264,45.58267],[-107.22875,45.57568],[-107.23264,45.57317],[-107.23458,45.57347],[-107.23517,45.57069],[-107.23681,45.57021],[-107.23849,45.56653],[-107.22653,45.57241],[-107.22558,45.56653],[-107.22375,45.56508],[-107.22383,45.56792],[-107.22222,45.56847],[-107.22287,45.56986],[-107.21986,45.57028],[-107.22174,45.57486],[-107.21819,45.5737],[-107.21681,45.57577],[-107.21181,45.56634],[-107.21003,45.56847],[-107.21069,45.5709],[-107.20736,45.57005],[-107.20718,45.57208],[-107.20264,45.57164],[-107.19931,45.57371],[-107.20145,45.57653],[-107.19889,45.57708],[-107.19625,45.57467],[-107.19542,45.57576],[-107.19292,45.57517],[-107.19181,45.57897],[-107.1886,45.57764],[-107.18981,45.58208],[-107.18903,45.58222],[-107.18453,45.57847],[-107.18435,45.57597],[-107.18597,45.57447],[-107.18982,45.57431],[-107.19097,45.57161],[-107.19736,45.56992],[-107.19788,45.56875],[-107.19316,45.56597],[-107.19569,45.56529],[-107.19903,45.56656],[-107.20138,45.56514],[-107.19739,45.56264],[-107.19802,45.56042],[-107.20014,45.56032],[-107.20153,45.55849],[-107.20512,45.55931],[-107.20465,45.55681],[-107.20597,45.55599],[-107.21014,45.55858],[-107.20986,45.55379],[-107.21398,45.55514],[-107.21453,45.55403],[-107.21328,45.55264],[-107.21458,45.55019],[-107.21961,45.55014],[-107.21716,45.54875],[-107.21792,45.54545],[-107.21514,45.54767],[-107.21165,45.54708],[-107.21097,45.5497],[-107.21042,45.54736],[-107.20764,45.5472],[-107.20732,45.55042],[-107.20432,45.55097],[-107.20758,45.54486],[-107.20679,45.54236],[-107.20891,45.54153],[-107.20679,45.53931],[-107.20802,45.53597],[-107.20734,45.53375],[-107.21103,45.53236],[-107.20811,45.53153],[-107.20639,45.52486],[-107.20431,45.52264],[-107.20423,45.53153],[-107.20236,45.53281],[-107.19903,45.52864],[-107.19947,45.53347],[-107.19597,45.5314],[-107.19522,45.53347],[-107.20106,45.53764],[-107.19633,45.53708],[-107.19897,45.53958],[-107.19949,45.54208],[-107.19847,45.5426],[-107.19569,45.54077],[-107.19458,45.54267],[-107.18875,45.54153],[-107.18819,45.54042],[-107.18744,45.54125],[-107.19392,45.54625],[-107.19431,45.54821],[-107.18874,45.54736],[-107.19178,45.54986],[-107.19006,45.55097],[-107.19104,45.55264],[-107.18986,45.55302],[-107.18662,45.54958],[-107.18208,45.54818],[-107.18506,45.55181],[-107.17839,45.55208],[-107.1814,45.55375],[-107.18251,45.55597],[-107.18042,45.55728],[-107.17708,45.55645],[-107.17625,45.55923],[-107.17208,45.55852],[-107.17148,45.55986],[-107.17303,45.56069],[-107.17164,45.56236],[-107.17264,45.5642],[-107.16804,45.56264],[-107.16763,45.56042],[-107.16961,45.55958],[-107.16911,45.55736],[-107.17024,45.55625],[-107.16828,45.55403],[-107.17169,45.55403],[-107.17113,45.55236],[-107.17321,45.55069],[-107.1716,45.54847],[-107.1746,45.54736],[-107.17423,45.54514],[-107.172,45.54486],[-107.17177,45.54375],[-107.17819,45.54242],[-107.17875,45.54008],[-107.17471,45.53931],[-107.1801,45.53514],[-107.17069,45.53801],[-107.16839,45.53542],[-107.17633,45.53069],[-107.17123,45.53014],[-107.17429,45.52625],[-107.17375,45.52543],[-107.16806,45.52875],[-107.17414,45.52208],[-107.17431,45.51951],[-107.17553,45.51875],[-107.17367,45.51819],[-107.17347,45.51278],[-107.1725,45.51681],[-107.17042,45.51708],[-107.17135,45.52097],[-107.16847,45.52072],[-107.16756,45.52375],[-107.16403,45.52603],[-107.16275,45.52542],[-107.16326,45.52264],[-107.16097,45.52294],[-107.16069,45.52178],[-107.15885,45.52153],[-107.16087,45.51403],[-107.15847,45.51174],[-107.15542,45.51339],[-107.15181,45.51023],[-107.15097,45.51119],[-107.14964,45.51014],[-107.15042,45.5087],[-107.14819,45.50787],[-107.14569,45.50986],[-107.14681,45.51153],[-107.14412,45.51125],[-107.14458,45.51319],[-107.14251,45.51431],[-107.14347,45.51717],[-107.15014,45.52056],[-107.15219,45.52875],[-107.15681,45.53208],[-107.15647,45.53486],[-107.15398,45.53597],[-107.15576,45.53708],[-107.15616,45.53986],[-107.16125,45.54097],[-107.16337,45.54264],[-107.15847,45.54324],[-107.16032,45.54514],[-107.15597,45.54609],[-107.15875,45.54852],[-107.15264,45.54875],[-107.14983,45.54764],[-107.15382,45.54181],[-107.1493,45.54153],[-107.15181,45.54016],[-107.15227,45.53847],[-107.14865,45.53819],[-107.14837,45.53347],[-107.15046,45.53181],[-107.14889,45.53125],[-107.14917,45.52875],[-107.14736,45.52712],[-107.14192,45.52486],[-107.13523,45.51986],[-107.13998,45.52903],[-107.13924,45.53069],[-107.14012,45.53236],[-107.13925,45.53431],[-107.13764,45.53469],[-107.13503,45.53236],[-107.13486,45.53053],[-107.13073,45.52736],[-107.13014,45.52458],[-107.12021,45.52292],[-107.1247,45.52819],[-107.12405,45.53042],[-107.12659,45.53292],[-107.12208,45.53431],[-107.12542,45.53522],[-107.12764,45.53801],[-107.13069,45.53855],[-107.13049,45.54069],[-107.13875,45.54495],[-107.14067,45.54708],[-107.12958,45.5438],[-107.12813,45.54458],[-107.12875,45.54575],[-107.12625,45.54653],[-107.12785,45.54819],[-107.12841,45.55431],[-107.13236,45.55878],[-107.13552,45.55903],[-107.13332,45.56014],[-107.13708,45.56266],[-107.13786,45.56486],[-107.13545,45.56736],[-107.13694,45.56875],[-107.13677,45.57042],[-107.13292,45.57286],[-107.13042,45.57187],[-107.13058,45.56958],[-107.12792,45.56629],[-107.12788,45.56875],[-107.12597,45.57077],[-107.12347,45.57094],[-107.12616,45.57347],[-107.12269,45.57375],[-107.12562,45.57708],[-107.1231,45.57819],[-107.1238,45.58069],[-107.12063,45.58069],[-107.11242,45.57375],[-107.11222,45.57125],[-107.11042,45.57081],[-107.10891,45.56847],[-107.10958,45.56585],[-107.10597,45.56966],[-107.10264,45.56977],[-107.09542,45.56338],[-107.09622,45.57042],[-107.09986,45.57486],[-107.09014,45.56928]],
          [[-107.14375,45.58985],[-107.14978,45.59014],[-107.14931,45.59181],[-107.15326,45.59431],[-107.15183,45.59542],[-107.15475,45.59708],[-107.15141,45.60014],[-107.15313,45.60264],[-107.15153,45.60292],[-107.15097,45.60454],[-107.14884,45.60403],[-107.14875,45.60097],[-107.14638,45.59903],[-107.14903,45.59431],[-107.14468,45.59236],[-107.14375,45.59077],[-107.14049,45.59069],[-107.14375,45.58985]],
          [[-107.09014,45.59035],[-107.09597,45.59187],[-107.09958,45.59428],[-107.1008,45.59597],[-107.10047,45.59875],[-107.10304,45.60264],[-107.09931,45.60069],[-107.09819,45.6028],[-107.09708,45.60273],[-107.09666,45.60014],[-107.09236,45.59632],[-107.09014,45.59856]],
          [[-107.14153,45.58123],[-107.14653,45.58236],[-107.14431,45.58338],[-107.14575,45.58569],[-107.14418,45.58681],[-107.14181,45.58588],[-107.14001,45.58319],[-107.14153,45.58123]],
          [[-107.09014,45.57215],[-107.09149,45.57431],[-107.09131,45.57736],[-107.09014,45.57757]],
          [[-107.27681,45.50112],[-107.27811,45.50181],[-107.27819,45.50527],[-107.27625,45.50388],[-107.27458,45.50582],[-107.27089,45.50542],[-107.27153,45.50765],[-107.26874,45.50736],[-107.26987,45.50403],[-107.27403,45.50322],[-107.27681,45.50112]],
          [[-107.23125,45.46558],[-107.23334,45.46708],[-107.23273,45.46986],[-107.23732,45.47153],[-107.23618,45.47264],[-107.23795,45.47458],[-107.23594,45.47597],[-107.23726,45.47819],[-107.23514,45.47793],[-107.23431,45.47904],[-107.23311,45.47819],[-107.23254,45.47319],[-107.23042,45.47099],[-107.22764,45.47518],[-107.2268,45.47403],[-107.23125,45.46558]],
          [[-107.52986,45.45014],[-107.52929,45.45236],[-107.52347,45.4535],[-107.51929,45.45181],[-107.52027,45.44847],[-107.51931,45.44685],[-107.51681,45.44708],[-107.51625,45.44916],[-107.51333,45.44931],[-107.51486,45.45131],[-107.50847,45.44975],[-107.50917,45.45125],[-107.50764,45.45266],[-107.50678,45.45153],[-107.50736,45.44836],[-107.51292,45.44737],[-107.5138,45.44375],[-107.51958,45.44212],[-107.51963,45.44014],[-107.52486,45.43736],[-107.52042,45.43718],[-107.51319,45.43941],[-107.51042,45.43741],[-107.50979,45.43986],[-107.50569,45.4389],[-107.50375,45.44071],[-107.50194,45.43736],[-107.50514,45.43592],[-107.51097,45.43653],[-107.51569,45.4334],[-107.51804,45.43319],[-107.51903,45.43155],[-107.52236,45.43166],[-107.52986,45.42923]],
          [[-107.29613,45.42014],[-107.29663,45.42097],[-107.29462,45.42264],[-107.29679,45.42375],[-107.29681,45.42553],[-107.30003,45.42514],[-107.29673,45.42708],[-107.30014,45.42903],[-107.29425,45.42903],[-107.2934,45.43014],[-107.29406,45.43264],[-107.29947,45.43319],[-107.30153,45.43494],[-107.30408,45.43458],[-107.30431,45.43784],[-107.30692,45.44014],[-107.30664,45.44486],[-107.30986,45.44683],[-107.30986,45.44864],[-107.30653,45.44856],[-107.30703,45.44625],[-107.30477,45.44375],[-107.30529,45.44181],[-107.30333,45.44097],[-107.30097,45.43602],[-107.29903,45.43748],[-107.29498,45.43764],[-107.29382,45.43903],[-107.29523,45.44181],[-107.29332,45.44208],[-107.29292,45.43986],[-107.29441,45.43653],[-107.28944,45.43347],[-107.29004,45.42708],[-107.28708,45.42701],[-107.28403,45.4308],[-107.28284,45.43014],[-107.28464,45.42514],[-107.28349,45.42014]],
          [[-107.25647,45.42014],[-107.25519,45.42153],[-107.25741,45.42319],[-107.25488,45.42431],[-107.25625,45.42597],[-107.25334,45.42847],[-107.25509,45.43292],[-107.25236,45.43352],[-107.25069,45.43208],[-107.25094,45.42986],[-107.24514,45.43035],[-107.24511,45.42903],[-107.24793,45.42792],[-107.24625,45.42677],[-107.24042,45.42734],[-107.23986,45.42558],[-107.24338,45.42458],[-107.23962,45.42292],[-107.24302,45.42014]],
          [[-107.33458,45.42423],[-107.34097,45.4276],[-107.34458,45.42641],[-107.34549,45.42847],[-107.34403,45.43044],[-107.33986,45.42983],[-107.33903,45.4333],[-107.33736,45.43058],[-107.33264,45.43191],[-107.33329,45.42931],[-107.33498,45.42819],[-107.33458,45.42423]],
          [[-107.27878,45.42014],[-107.27819,45.42232],[-107.27292,45.42182],[-107.27444,45.42403],[-107.27198,45.42486],[-107.27436,45.42708],[-107.27066,45.42708],[-107.27066,45.42931],[-107.26875,45.42992],[-107.26585,45.42764],[-107.26801,45.42597],[-107.26623,45.42458],[-107.26625,45.42249],[-107.26472,45.42181],[-107.26621,45.42014]],
          [[-107.22873,45.42014],[-107.23009,45.42292],[-107.22847,45.42661],[-107.22499,45.42431],[-107.22298,45.42014]],
          [[-107.32769,45.42014],[-107.32678,45.42264],[-107.32511,45.42264],[-107.32292,45.42605],[-107.31946,45.42403],[-107.31875,45.42206],[-107.31736,45.42514],[-107.31597,45.42502],[-107.314,45.42014]],
          [[-107.3354,45.42014],[-107.33319,45.42185],[-107.33201,45.42014]],
          [[-107.24248,45.42014],[-107.23847,45.42133],[-107.23796,45.42014]]
        ]
      }
    },
    {
      "type": "Feature",
      "properties": {"kind": "contour", "elevation": 1140},
      "geometry": {
        "type": "MultiLineString",
        "coordinates": [
          [[-107.21307,45.42014],[-107.21678,45.42375],[-107.21542,45.42423],[-107.21292,45.4222],[-107.21181,45.42335],[-107.20486,45.42272],[-107.20264,45.42072],[-107.19781,45.42153],[-107.20484,45.42514],[-107.2004,45.42653],[-107.20174,45.42736],[-107.20174,45.42931],[-107.20653,45.42665],[-107.21514,45.42998],[-107.22131,45.43042],[-107.21655,45.43292],[-107.21745,45.43431],[-107.22097,45.43428],[-107.22181,45.43655],[-107.22458,45.4345],[-107.22653,45.43667],[-107.22986,45.43603],[-107.23375,45.4389],[-107.23416,45.44125],[-107.23597,45.44188],[-107.23761,45.44458],[-107.23542,45.4456],[-107.23208,45.44091],[-107.23137,45.44403],[-107.2291,45.44486],[-107.22949,45.44653],[-107.22653,45.44536],[-107.22403,45.44046],[-107.22236,45.44395],[-107.21569,45.43785],[-107.21543,45.43958],[-107.21736,45.44234],[-107.21292,45.44319],[-107.20875,45.4401],[-107.20681,45.44044],[-107.20236,45.43819],[-107.20206,45.43931],[-107.20496,45.44208],[-107.20856,45.44319],[-107.20981,45.44542],[-107.21211,45.44569],[-107.2123,45.44736],[-107.21514,45.44607],[-107.21764,45.44994],[-107.21958,45.44994],[-107.22749,45.45569],[-107.22653,45.45699],[-107.22458,45.45586],[-107.22453,45.45847],[-107.22292,45.45894],[-107.21681,45.45466],[-107.21681,45.45792],[-107.21514,45.45767],[-107.21319,45.45554],[-107.21153,45.4562],[-107.21114,45.45431],[-107.20919,45.45292],[-107.20625,45.45314],[-107.20597,45.45115],[-107.19375,45.44619],[-107.19722,45.44875],[-107.19764,45.45063],[-107.20174,45.45236],[-107.20174,45.45403],[-107.20592,45.45708],[-107.20542,45.45845],[-107.21444,45.46458],[-107.21292,45.46657],[-107.21236,45.46486],[-107.20683,45.46319],[-107.20919,45.46653],[-107.20764,45.46881],[-107.20458,45.46665],[-107.20375,45.46802],[-107.20153,45.46572],[-107.19986,45.46611],[-107.19653,45.45998],[-107.19646,45.46403],[-107.19514,45.46527],[-107.19181,45.46472],[-107.18764,45.46078],[-107.18554,45.46069],[-107.18403,45.45619],[-107.18232,45.45931],[-107.18042,45.45886],[-107.18069,45.45642],[-107.17931,45.45639],[-107.17625,45.45287],[-107.17375,45.45243],[-107.17292,45.44976],[-107.16965,45.45347],[-107.17292,45.45486],[-107.16819,45.45481],[-107.16525,45.45708],[-107.16792,45.45783],[-107.17097,45.45655],[-107.17299,45.45764],[-107.16843,45.45847],[-107.17139,45.46069],[-107.17097,45.46192],[-107.16875,45.46048],[-107.15922,45.46236],[-107.15986,45.46403],[-107.16461,45.46431],[-107.16347,45.46694],[-107.16875,45.46496],[-107.174,45.46764],[-107.17319,45.47014],[-107.16881,45.47014],[-107.17067,45.47292],[-107.17375,45.47322],[-107.17551,45.47486],[-107.16986,45.47388],[-107.17097,45.47542],[-107.16806,45.47708],[-107.1656,45.47681],[-107.16643,45.47875],[-107.16764,45.47992],[-107.17125,45.47787],[-107.17347,45.47873],[-107.17681,45.47803],[-107.17645,45.48069],[-107.1742,45.48097],[-107.17618,45.48208],[-107.17681,45.48433],[-107.17958,45.48502],[-107.18081,45.48458],[-107.17986,45.48216],[-107.18218,45.47986],[-107.18375,45.48269],[-107.19097,45.48183],[-107.1922,45.48319],[-107.18867,45.48597],[-107.19005,45.48708],[-107.18877,45.48819],[-107.19069,45.48859],[-107.19431,45.48604],[-107.19652,45.48681],[-107.19322,45.48792],[-107.19292,45.48931],[-107.19477,45.49042],[-107.19281,45.49208],[-107.19375,45.49294],[-107.19754,45.49181],[-107.19683,45.49403],[-107.19792,45.49621],[-107.20042,45.49583],[-107.20053,45.49375],[-107.20236,45.4922],[-107.20458,45.494],[-107.20847,45.49178],[-107.20931,45.49329],[-107.22058,45.49653],[-107.21704,45.49819],[-107.2224,45.50069],[-107.22156,45.50153],[-107.21764,45.50005],[-107.21569,45.50207],[-107.2114,45.50264],[-107.21375,45.50474],[-107.21653,45.50489],[-107.22161,45.50958],[-107.21847,45.50932],[-107.2167,45.51042],[-107.21905,45.51208],[-107.21875,45.51344],[-107.22161,45.51403],[-107.21625,45.51442],[-107.21414,45.51819],[-107.21992,45.51903],[-107.21715,45.52097],[-107.21792,45.52298],[-107.22148,45.52347],[-107.22092,45.52542],[-107.21566,45.52569],[-107.22099,45.53264],[-107.22542,45.53193],[-107.22416,45.53458],[-107.23375,45.53141],[-107.23631,45.53208],[-107.23405,45.53347],[-107.23701,45.53625],[-107.23069,45.53519],[-107.22968,45.53625],[-107.23036,45.53764],[-107.22558,45.53792],[-107.22726,45.54181],[-107.23051,45.54208],[-107.22764,45.54534],[-107.23653,45.5435],[-107.23532,45.54736],[-107.23204,45.54847],[-107.23486,45.55064],[-107.23736,45.54931],[-107.23917,45.55125],[-107.24097,45.54783],[-107.24597,45.551],[-107.24764,45.5502],[-107.24986,45.55265],[-107.25236,45.55191],[-107.25554,45.55403],[-107.25645,45.55736],[-107.25839,45.55819],[-107.25925,45.56042],[-107.26181,45.55907],[-107.26347,45.56216],[-107.26708,45.55895],[-107.27042,45.55938],[-107.27025,45.56292],[-107.28097,45.56554],[-107.28302,45.56819],[-107.28256,45.56986],[-107.28542,45.57003],[-107.28819,45.57256],[-107.28938,45.57486],[-107.28805,45.57653],[-107.29014,45.57911],[-107.29792,45.58242],[-107.30458,45.5803],[-107.30681,45.58266],[-107.31045,45.58403],[-107.31653,45.59065],[-107.32005,45.59208],[-107.31982,45.59347],[-107.32364,45.59986],[-107.32625,45.60061],[-107.32682,45.60264],[-107.331,45.60653],[-107.32625,45.60482],[-107.32431,45.60557],[-107.3213,45.60264],[-107.32292,45.59998],[-107.3203,45.59875],[-107.31847,45.59468],[-107.31431,45.59264],[-107.31611,45.59625],[-107.31632,45.60042],[-107.31375,45.60029],[-107.30819,45.59623],[-107.30831,45.60014],[-107.30518,45.60069],[-107.31375,45.60486],[-107.31326,45.60569],[-107.31014,45.60446],[-107.30764,45.60662],[-107.30258,45.60653],[-107.30406,45.60903],[-107.31431,45.61153],[-107.31431,45.61272],[-107.31012,45.61403],[-107.31536,45.61819],[-107.31984,45.61819],[-107.31979,45.62014],[-107.32224,45.62125],[-107.32208,45.62272],[-107.31819,45.62231],[-107.31769,45.62347],[-107.31875,45.62645],[-107.32357,45.62847],[-107.31896,45.62986]],
          [[-107.31655,45.62986],[-107.31403,45.62876],[-107.31236,45.62986]],
          [[-107.31125,45.62986],[-107.30982,45.62764],[-107.31334,45.62736],[-107.31151,45.62153],[-107.31244,45.62014],[-107.30903,45.61697],[-107.30764,45.61669],[-107.30857,45.61903],[-107.30736,45.61994],[-107.30125,45.61629],[-107.29681,45.61625],[-107.29864,45.61931],[-107.29792,45.61964],[-107.29403,45.61964],[-107.29191,45.61819],[-107.29386,45.61653],[-107.29263,45.61403],[-107.29516,45.61347],[-107.29375,45.61038],[-107.29208,45.60991],[-107.28931,45.6117],[-107.28912,45.60958],[-107.29347,45.60919],[-107.29514,45.60773],[-107.29676,45.60153],[-107.29564,45.59986],[-107.29848,45.59764],[-107.29714,45.59542],[-107.29837,45.59208],[-107.29625,45.59025],[-107.29236,45.59157],[-107.29279,45.58819],[-107.28882,45.58375],[-107.2858,45.58486],[-107.28654,45.58708],[-107.28458,45.58907],[-107.28097,45.58794],[-107.28082,45.59042],[-107.28206,45.59125],[-107.28097,45.59251],[-107.27681,45.59045],[-107.27435,45.58681],[-107.27042,45.58563],[-107.27132,45.58875],[-107.26931,45.59025],[-107.26208,45.5877],[-107.26139,45.58931],[-107.26376,45.59153],[-107.26319,45.59266],[-107.25585,45.59069],[-107.25824,45.58597],[-107.26431,45.5812],[-107.26375,45.57885],[-107.26554,45.57903],[-107.26625,45.57661],[-107.26903,45.5762],[-107.26885,45.57431],[-107.27175,45.57347],[-107.27097,45.57188],[-107.26931,45.57329],[-107.26681,45.57256],[-107.26542,45.57433],[-107.26403,45.57376],[-107.26236,45.57515],[-107.25625,45.56903],[-107.2571,45.57681],[-107.25375,45.57678],[-107.24958,45.57208],[-107.24933,45.57653],[-107.24458,45.57535],[-107.24514,45.57862],[-107.24082,45.57764],[-107.24181,45.58202],[-107.23875,45.58161],[-107.23403,45.57807],[-107.23125,45.57789],[-107.23042,45.58208],[-107.22611,45.58181],[-107.22764,45.58543],[-107.22166,45.58431],[-107.22565,45.58181],[-107.22958,45.57681],[-107.23569,45.57509],[-107.23703,45.57375],[-107.23654,45.57208],[-107.23985,45.57014],[-107.23853,45.56847],[-107.24114,45.56764],[-107.24099,45.56569],[-107.24399,45.56375],[-107.24486,45.56174],[-107.24014,45.56362],[-107.23681,45.56035],[-107.23764,45.5648],[-107.23299,45.56486],[-107.23375,45.56754],[-107.23001,45.56736],[-107.23117,45.56931],[-107.22792,45.57111],[-107.22625,45.56166],[-107.22403,45.56284],[-107.22069,45.56095],[-107.22115,45.56292],[-107.21913,45.56319],[-107.22235,45.56736],[-107.21986,45.56674],[-107.21766,45.56819],[-107.21658,45.57042],[-107.21893,45.57153],[-107.21875,45.57273],[-107.216,45.57236],[-107.21386,45.56625],[-107.21255,45.56458],[-107.20958,45.56374],[-107.2097,45.56681],[-107.20625,45.5669],[-107.20668,45.56847],[-107.20437,45.56903],[-107.20489,45.57097],[-107.20153,45.57014],[-107.20042,45.57242],[-107.19153,45.57368],[-107.19208,45.57214],[-107.1981,45.57069],[-107.19925,45.56903],[-107.19847,45.56766],[-107.20369,45.56569],[-107.20285,45.56375],[-107.20014,45.56405],[-107.19887,45.56236],[-107.20153,45.56172],[-107.20181,45.55963],[-107.20431,45.56104],[-107.20847,45.55975],[-107.21153,45.56039],[-107.21208,45.55651],[-107.21708,45.55619],[-107.21569,45.55319],[-107.21625,45.55116],[-107.21986,45.55263],[-107.22403,45.55195],[-107.22474,45.55069],[-107.21926,45.54847],[-107.22001,45.54625],[-107.22256,45.54597],[-107.22165,45.54319],[-107.21597,45.54399],[-107.21431,45.5463],[-107.21097,45.54498],[-107.20903,45.54569],[-107.20888,45.54319],[-107.21147,45.54181],[-107.20792,45.53893],[-107.20794,45.53764],[-107.21143,45.53792],[-107.20878,45.53403],[-107.21458,45.53562],[-107.21397,45.53347],[-107.21708,45.53236],[-107.21475,45.53153],[-107.21514,45.53011],[-107.21208,45.53122],[-107.20958,45.52986],[-107.21064,45.52819],[-107.20862,45.52625],[-107.21227,45.52403],[-107.20764,45.5241],[-107.20594,45.52153],[-107.20734,45.52042],[-107.20595,45.51986],[-107.20659,45.51792],[-107.20333,45.51847],[-107.20292,45.51569],[-107.19736,45.51128],[-107.19444,45.51069],[-107.19371,45.50875],[-107.19257,45.50903],[-107.19296,45.51069],[-107.19917,45.51569],[-107.19958,45.51681],[-107.19801,45.51792],[-107.20154,45.52069],[-107.20171,45.52625],[-107.20036,45.52681],[-107.19891,45.52264],[-107.19681,45.52152],[-107.19762,45.52431],[-107.19419,45.52542],[-107.19699,45.52736],[-107.19625,45.52819],[-107.19708,45.52997],[-107.19042,45.528],[-107.18903,45.52651],[-107.18653,45.52708],[-107.18764,45.52918],[-107.19153,45.52959],[-107.19394,45.53153],[-107.18736,45.53023],[-107.18555,45.53097],[-107.18625,45.53211],[-107.19119,45.53319],[-107.19153,45.53475],[-107.18691,45.53486],[-107.18931,45.53575],[-107.19042,45.53764],[-107.18597,45.53687],[-107.18403,45.53958],[-107.17958,45.53847],[-107.18313,45.53597],[-107.18292,45.53236],[-107.18097,45.53118],[-107.17764,45.53471],[-107.1749,45.53403],[-107.18097,45.53087],[-107.18274,45.52819],[-107.17913,45.52681],[-107.18028,45.52542],[-107.17903,45.52472],[-107.18144,45.52403],[-107.18014,45.52181],[-107.18039,45.51653],[-107.17887,45.51431],[-107.1788,45.51097],[-107.17583,45.50819],[-107.1767,45.50681],[-107.17292,45.50158],[-107.16963,45.50264],[-107.17114,45.50542],[-107.16838,45.50625],[-107.17005,45.50764],[-107.16859,45.50875],[-107.16903,45.51001],[-107.16625,45.51079],[-107.16125,45.50836],[-107.16176,45.50542],[-107.15819,45.50486],[-107.15919,45.50319],[-107.1576,45.50153],[-107.15569,45.50112],[-107.1541,45.50292],[-107.15264,45.50264],[-107.15251,45.50014],[-107.15576,45.49819],[-107.15042,45.49801],[-107.14792,45.49591],[-107.14708,45.50159],[-107.14458,45.50028],[-107.14319,45.50148],[-107.14181,45.49851],[-107.13792,45.50471],[-107.13004,45.50458],[-107.13097,45.50653],[-107.13365,45.50792],[-107.13431,45.51065],[-107.13829,45.51264],[-107.13797,45.51403],[-107.14125,45.51933],[-107.13908,45.51708],[-107.13319,45.51606],[-107.12569,45.51173],[-107.12535,45.51514],[-107.13097,45.51961],[-107.13097,45.52109],[-107.12514,45.52105],[-107.12021,45.51625],[-107.11264,45.51514],[-107.11584,45.52125],[-107.11292,45.52249],[-107.11069,45.52049],[-107.10903,45.52292],[-107.11065,45.52347],[-107.11125,45.52544],[-107.11931,45.52675],[-107.11866,45.52875],[-107.12105,45.53153],[-107.11148,45.53208],[-107.12501,45.53958],[-107.12461,45.54181],[-107.12256,45.54292],[-107.12236,45.54764],[-107.12369,45.54875],[-107.12344,45.55042],[-107.12542,45.55181],[-107.12533,45.55514],[-107.12777,45.55792],[-107.13061,45.55903],[-107.13076,45.56097],[-107.13582,45.56319],[-107.134,45.56458],[-107.13403,45.56847],[-107.13046,45.56653],[-107.12965,45.56514],[-107.13097,45.56356],[-107.12903,45.56208],[-107.12702,45.56236],[-107.12653,45.5589],[-107.12097,45.55614],[-107.12279,45.56236],[-107.12529,45.56486],[-107.123,45.56597],[-107.12489,45.56819],[-107.11819,45.56933],[-107.11542,45.56759],[-107.11208,45.56779],[-107.11401,45.56347],[-107.11181,45.56035],[-107.10958,45.56329],[-107.10634,45.56181],[-107.10665,45.56431],[-107.10514,45.5663],[-107.10264,45.56707],[-107.09712,45.56097],[-107.0976,45.55875],[-107.09529,45.55625],[-107.09518,45.55431],[-107.09319,45.55504],[-107.09014,45.55366]],
          [[-107.34736,45.61085],[-107.35097,45.6122],[-107.35099,45.61319],[-107.34597,45.61236],[-107.34472,45.61319],[-107.34603,45.61486],[-107.34444,45.61653],[-107.34217,45.61569],[-107.34148,45.61347],[-107.34288,45.61181],[-107.34736,45.61085]],
          [[-107.21069,45.5898],[-107.2128,45.59097],[-107.2106,45.59264],[-107.21501,45.59458],[-107.21141,45.59514],[-107.21356,45.59736],[-107.21319,45.59835],[-107.20569,45.59422],[-107.20338,45.59569],[-107.20442,45.59764],[-107.20046,45.59625],[-107.20097,45.59478],[-107.20347,45.59442],[-107.21069,45.5898]],
          [[-107.25292,45.59069],[-107.25472,45.59069],[-107.25573,45.59431],[-107.25208,45.59403],[-107.25153,45.59594],[-107.24986,45.59558],[-107.24939,45.59347],[-107.25292,45.59069]],
          [[-107.19042,45.57483],[-107.19146,45.57514],[-107.18986,45.57684],[-107.18657,45.57681],[-107.18708,45.57889],[-107.18515,45.57819],[-107.18597,45.57527],[-107.19042,45.57483]],
          [[-107.09014,45.56038],[-107.09172,45.56125],[-107.09265,45.56375],[-107.09161,45.56514],[-107.09323,45.56764],[-107.09014,45.56693]],
          [[-107.09014,45.55468],[-107.09348,45.55819],[-107.09014,45.55951]],
          [[-107.18181,45.54172],[-107.19206,45.54653],[-107.18792,45.54564],[-107.18514,45.54797],[-107.17931,45.54611],[-107.18012,45.54819],[-107.17928,45.54931],[-107.18381,45.55125],[-107.17653,45.5498],[-107.17486,45.55099],[-107.1741,45.54986],[-107.17684,45.54819],[-107.17569,45.54449],[-107.18069,45.54468],[-107.18181,45.54172]],
          [[-107.09014,45.50895],[-107.09188,45.50931],[-107.09181,45.50721],[-107.09542,45.50722],[-107.09505,45.50403],[-107.09369,45.50292],[-107.09625,45.50273],[-107.0973,45.50097],[-107.09458,45.498],[-107.09014,45.49741]],
          [[-107.09014,45.49063],[-107.09181,45.49155],[-107.09431,45.48986],[-107.10431,45.48931],[-107.10188,45.48681],[-107.09708,45.48668],[-107.09653,45.4854],[-107.09014,45.48684]],
          [[-107.09014,45.47736],[-107.09847,45.47566],[-107.10299,45.47292],[-107.09014,45.47201]],
          [[-107.23903,45.44457],[-107.24542,45.44931],[-107.24283,45.44986],[-107.24316,45.45125],[-107.24097,45.45192],[-107.23958,45.44743],[-107.23653,45.4493],[-107.23776,45.44486],[-107.23903,45.44457]],
          [[-107.52986,45.44762],[-107.52681,45.44545],[-107.5262,45.44903],[-107.52741,45.45042],[-107.52375,45.45071],[-107.5221,45.44736],[-107.52207,45.44292],[-107.52236,45.44179],[-107.52642,45.44097],[-107.52569,45.43983],[-107.52772,45.43931],[-107.52692,45.43792],[-107.52952,45.43736],[-107.52986,45.43548]],
          [[-107.52986,45.43338],[-107.52264,45.43554],[-107.5205,45.43264],[-107.52986,45.43019]],
          [[-107.25506,45.42014],[-107.25224,45.42069],[-107.25249,45.42208],[-107.25511,45.42292],[-107.25282,45.42431],[-107.25384,45.42681],[-107.24847,45.42938],[-107.25125,45.42644],[-107.24766,45.42681],[-107.2483,45.42514],[-107.24653,45.42471],[-107.24458,45.42624],[-107.24639,45.42264],[-107.24214,45.42292],[-107.24504,45.42014]],
          [[-107.2911,45.42014],[-107.29153,45.42347],[-107.29381,45.42458],[-107.29264,45.42747],[-107.29069,45.42559],[-107.28622,45.42542],[-107.28654,45.42292],[-107.28514,45.42014]],
          [[-107.27272,45.42014],[-107.27069,45.42123],[-107.26903,45.42481],[-107.26783,45.42403],[-107.26788,45.42014]],
          [[-107.32443,45.42014],[-107.32264,45.42324],[-107.3196,45.42014]],
          [[-107.22772,45.42014],[-107.22847,45.42198],[-107.22625,45.42227],[-107.22472,45.42014]],
          [[-107.22056,45.42014],[-107.21903,45.42162],[-107.21637,45.42014]],
          [[-107.27672,45.42014],[-107.27569,45.42099],[-107.2735,45.42014]]
        ]
      }
    },
    {
      "type": "Feature",
      "properties": {"kind": "contour", "elevation": 1160},
      "geometry": {
        "type": "MultiLineString",
        "coordinates": [
          [[-107.31403,45.61949],[-107.31789,45.62042],[-107.31576,45.62097],[-107.31438,45.62375],[-107.3161,45.62542],[-107.3155,45.62681],[-107.31751,45.62792],[-107.31653,45.62883],[-107.31506,45.62819],[-107.31336,45.62431],[-107.31276,45.62153],[-107.31403,45.61949]],
          [[-107.29736,45.60703],[-107.29892,45.60819],[-107.29875,45.60985],[-107.30764,45.61208],[-107.30569,45.61383],[-107.30323,45.61403],[-107.30677,45.61875],[-107.29517,45.61236],[-107.2959,45.60847],[-107.29736,45.60703]],
          [[-107.28958,45.58035],[-107.29792,45.58316],[-107.30403,45.58086],[-107.30653,45.58322],[-107.30958,45.58407],[-107.31194,45.58847],[-107.30728,45.58819],[-107.30929,45.59097],[-107.30747,45.59236],[-107.3111,45.59319],[-107.31242,45.59597],[-107.30847,45.59411],[-107.30319,45.59378],[-107.3023,45.59458],[-107.30573,45.59875],[-107.30042,45.59813],[-107.29823,45.59514],[-107.30053,45.59208],[-107.29558,45.58875],[-107.29223,45.58458],[-107.29245,45.58292],[-107.28997,45.58236],[-107.28958,45.58035]],
          [[-107.22514,45.54222],[-107.22755,45.54319],[-107.22583,45.54514],[-107.22708,45.54634],[-107.23486,45.54501],[-107.23431,45.54699],[-107.23012,45.54875],[-107.23458,45.5515],[-107.23708,45.55039],[-107.23819,45.55239],[-107.24069,45.54997],[-107.24736,45.55166],[-107.25431,45.55423],[-107.25555,45.55792],[-107.25732,45.55875],[-107.25875,45.5616],[-107.26125,45.56031],[-107.26347,45.56304],[-107.26792,45.56053],[-107.26944,45.56375],[-107.27904,45.56597],[-107.28123,45.56847],[-107.28071,45.57125],[-107.28644,45.57375],[-107.28626,45.57653],[-107.28846,45.57903],[-107.28819,45.58006],[-107.28426,45.58069],[-107.28569,45.58346],[-107.28092,45.58292],[-107.28517,45.58681],[-107.27819,45.58482],[-107.27764,45.58823],[-107.2758,45.58597],[-107.27181,45.58505],[-107.27014,45.58277],[-107.26764,45.58486],[-107.26764,45.58804],[-107.26266,45.58542],[-107.26319,45.58323],[-107.2677,45.57958],[-107.26736,45.57758],[-107.27014,45.57808],[-107.27069,45.57532],[-107.27264,45.57469],[-107.27458,45.57576],[-107.27582,45.57319],[-107.27255,45.57208],[-107.27389,45.56958],[-107.27153,45.56974],[-107.26875,45.56784],[-107.26924,45.57208],[-107.26569,45.56975],[-107.26375,45.57201],[-107.26097,45.57138],[-107.26011,45.56931],[-107.25819,45.56869],[-107.25808,45.56708],[-107.25514,45.56588],[-107.25528,45.56764],[-107.25308,45.56819],[-107.25488,45.57042],[-107.25378,45.57181],[-107.25554,45.57319],[-107.25431,45.57468],[-107.24847,45.56993],[-107.24672,45.57153],[-107.24833,45.57292],[-107.24625,45.57375],[-107.24832,45.57597],[-107.24153,45.57339],[-107.24294,45.57653],[-107.23819,45.57619],[-107.23722,45.57764],[-107.23932,45.57875],[-107.23792,45.57971],[-107.23348,45.57708],[-107.23819,45.57481],[-107.23834,45.57236],[-107.24149,45.57097],[-107.24352,45.56764],[-107.24296,45.56569],[-107.24709,45.56486],[-107.24545,45.56319],[-107.24901,45.55764],[-107.24847,45.55684],[-107.24518,45.55819],[-107.24431,45.56027],[-107.24154,45.56042],[-107.24042,45.56236],[-107.23827,45.55736],[-107.23625,45.55606],[-107.23597,45.55922],[-107.23292,45.55903],[-107.23531,45.56153],[-107.23375,45.56349],[-107.23153,45.56265],[-107.23069,45.56613],[-107.22847,45.56535],[-107.22625,45.55845],[-107.22393,45.55931],[-107.22403,45.56148],[-107.22181,45.55986],[-107.21792,45.55943],[-107.21869,45.56181],[-107.21547,45.56236],[-107.21934,45.56514],[-107.21673,45.56569],[-107.21702,45.56681],[-107.21569,45.56753],[-107.2135,45.56403],[-107.20986,45.56256],[-107.20687,45.56375],[-107.20736,45.56568],[-107.20437,45.56458],[-107.20292,45.56166],[-107.21181,45.56114],[-107.21299,45.56042],[-107.21272,45.55819],[-107.21853,45.55681],[-107.21819,45.55397],[-107.22208,45.55328],[-107.22514,45.55425],[-107.22714,45.55292],[-107.22678,45.55069],[-107.22443,45.54875],[-107.22514,45.54701],[-107.22315,45.54486],[-107.22514,45.54222]],
          [[-107.19066,45.42014],[-107.19201,45.42236],[-107.19181,45.42852],[-107.19403,45.42772],[-107.19458,45.4296],[-107.19771,45.42875],[-107.19953,45.43153],[-107.19308,45.43292],[-107.19593,45.43514],[-107.19454,45.43653],[-107.19784,45.43764],[-107.19847,45.44056],[-107.20287,45.44097],[-107.2005,45.44347],[-107.20708,45.44322],[-107.2085,45.44431],[-107.20847,45.44642],[-107.21116,45.44653],[-107.21133,45.44847],[-107.21431,45.44718],[-107.21683,45.45097],[-107.22227,45.45319],[-107.22364,45.45792],[-107.21597,45.4532],[-107.21509,45.45319],[-107.21531,45.45653],[-107.21069,45.45233],[-107.20745,45.45181],[-107.20681,45.44901],[-107.20486,45.4501],[-107.20208,45.44804],[-107.19958,45.44798],[-107.19458,45.4449],[-107.19486,45.44296],[-107.18847,45.44042],[-107.18753,45.44097],[-107.18991,45.44375],[-107.18403,45.44312],[-107.18448,45.44431],[-107.18708,45.44453],[-107.18986,45.44676],[-107.19284,45.44736],[-107.19296,45.44847],[-107.19625,45.44907],[-107.19569,45.45061],[-107.19222,45.45264],[-107.19271,45.45347],[-107.19792,45.45393],[-107.19903,45.45569],[-107.20292,45.45559],[-107.20346,45.45875],[-107.20858,45.46069],[-107.21046,45.46347],[-107.20446,45.46097],[-107.20458,45.46347],[-107.20796,45.46681],[-107.20042,45.46469],[-107.19904,45.46319],[-107.1989,45.45958],[-107.19347,45.45611],[-107.19326,45.45931],[-107.1955,45.46181],[-107.19514,45.46402],[-107.19181,45.46358],[-107.18903,45.45939],[-107.18625,45.46011],[-107.18523,45.45708],[-107.18717,45.45542],[-107.18597,45.45134],[-107.18236,45.45558],[-107.17871,45.45375],[-107.17875,45.45042],[-107.17625,45.45142],[-107.17513,45.44986],[-107.17809,45.44931],[-107.17764,45.44597],[-107.17456,45.44736],[-107.17431,45.44423],[-107.16809,45.44486],[-107.16851,45.44653],[-107.16575,45.44847],[-107.16344,45.45208],[-107.16382,45.45347],[-107.15914,45.45764],[-107.16363,45.45986],[-107.15819,45.46033],[-107.15539,45.46181],[-107.15557,45.46319],[-107.15416,45.46431],[-107.15822,45.46542],[-107.15697,45.46681],[-107.15931,45.46949],[-107.16458,45.4702],[-107.16605,45.47181],[-107.16431,45.47424],[-107.16002,45.47431],[-107.16011,45.47819],[-107.16315,45.47764],[-107.16403,45.48244],[-107.16653,45.48148],[-107.17014,45.4821],[-107.17236,45.48483],[-107.17514,45.4866],[-107.17708,45.48618],[-107.17792,45.48742],[-107.18394,45.48736],[-107.18542,45.48603],[-107.18702,45.48903],[-107.18929,45.48958],[-107.19042,45.49342],[-107.19319,45.49477],[-107.19577,45.49319],[-107.1963,45.49542],[-107.19542,45.49634],[-107.19764,45.49787],[-107.20153,45.49652],[-107.20208,45.49353],[-107.20458,45.49474],[-107.21125,45.49392],[-107.21458,45.49569],[-107.21142,45.49792],[-107.21486,45.49886],[-107.21446,45.50097],[-107.20472,45.50125],[-107.20819,45.50309],[-107.20827,45.50458],[-107.21344,45.50681],[-107.21597,45.5063],[-107.21745,45.50764],[-107.21625,45.50952],[-107.21217,45.51042],[-107.21696,45.51208],[-107.21258,45.51736],[-107.21233,45.51931],[-107.21708,45.51924],[-107.21588,45.52125],[-107.2168,45.52431],[-107.21565,45.52458],[-107.21375,45.52215],[-107.20853,45.52347],[-107.20746,45.52208],[-107.21042,45.52153],[-107.21094,45.52042],[-107.20755,45.51875],[-107.21042,45.51625],[-107.20819,45.5144],[-107.20681,45.51665],[-107.20458,45.51642],[-107.20278,45.51208],[-107.19522,45.50819],[-107.1964,45.50625],[-107.19434,45.50486],[-107.19563,45.50292],[-107.19375,45.50128],[-107.19264,45.50203],[-107.18847,45.50083],[-107.18681,45.49843],[-107.18486,45.49875],[-107.18134,45.49708],[-107.18307,45.49958],[-107.18148,45.50125],[-107.18602,45.50514],[-107.18153,45.50453],[-107.18255,45.50653],[-107.17986,45.50678],[-107.17903,45.50271],[-107.17125,45.49546],[-107.16757,45.49681],[-107.16833,45.49847],[-107.16456,45.50042],[-107.1664,45.50431],[-107.16542,45.50462],[-107.165,45.50292],[-107.16047,45.50069],[-107.16176,45.49792],[-107.16039,45.49569],[-107.15414,45.49319],[-107.15292,45.49083],[-107.14792,45.49169],[-107.14447,45.49069],[-107.14125,45.49535],[-107.13875,45.49474],[-107.13681,45.49219],[-107.13136,45.49458],[-107.13438,45.49653],[-107.13569,45.49943],[-107.13181,45.49847],[-107.13201,45.50153],[-107.13069,45.50184],[-107.12792,45.50116],[-107.12687,45.49931],[-107.12375,45.49917],[-107.12312,45.50097],[-107.12403,45.50264],[-107.11958,45.50255],[-107.12069,45.5051],[-107.12986,45.51079],[-107.11653,45.50596],[-107.11575,45.50764],[-107.12079,45.51347],[-107.11708,45.51363],[-107.11486,45.51179],[-107.10625,45.50924],[-107.10625,45.51147],[-107.10854,45.51542],[-107.10681,45.51602],[-107.10542,45.51439],[-107.10292,45.51477],[-107.10245,45.51597],[-107.10292,45.51925],[-107.10642,45.52125],[-107.10328,45.52292],[-107.10312,45.52486],[-107.10542,45.52477],[-107.10819,45.52742],[-107.11347,45.52796],[-107.11454,45.52958],[-107.10875,45.52966],[-107.10378,45.53125],[-107.10431,45.53208],[-107.11403,45.53583],[-107.11486,45.53754],[-107.12172,45.54042],[-107.11931,45.54345],[-107.11808,45.54347],[-107.12063,45.54625],[-107.11986,45.54776],[-107.11789,45.54764],[-107.11869,45.55125],[-107.11593,45.55208],[-107.11854,45.55319],[-107.117,45.55569],[-107.11983,45.56181],[-107.11875,45.56403],[-107.11992,45.56681],[-107.11819,45.56716],[-107.11588,45.56486],[-107.11633,45.56264],[-107.11513,45.56181],[-107.11545,45.55958],[-107.11319,45.55474],[-107.11123,45.55819],[-107.10942,45.55847],[-107.10875,45.56069],[-107.10347,45.55739],[-107.10458,45.56347],[-107.10335,45.56403],[-107.10347,45.56565],[-107.1013,45.56431],[-107.10056,45.56181],[-107.09899,45.56097],[-107.09876,45.55736],[-107.09726,45.55653],[-107.099,45.55486],[-107.09745,45.55236],[-107.0998,45.55181],[-107.09901,45.55069],[-107.0999,45.54875],[-107.09708,45.54448],[-107.09693,45.54986],[-107.09535,45.54986],[-107.09347,45.54718],[-107.09181,45.54681],[-107.09185,45.55125],[-107.09356,45.55319],[-107.09014,45.55246]],
          [[-107.09014,45.56188],[-107.09092,45.56292],[-107.09014,45.56335]],
          [[-107.22042,45.53375],[-107.22491,45.53569],[-107.22354,45.53681],[-107.22282,45.54042],[-107.22109,45.54069],[-107.22105,45.54208],[-107.21708,45.54113],[-107.21708,45.54216],[-107.21264,45.54314],[-107.21236,45.54096],[-107.2106,45.53958],[-107.21292,45.53959],[-107.21306,45.53792],[-107.21681,45.53661],[-107.21736,45.53486],[-107.22014,45.53486],[-107.22042,45.53375]],
          [[-107.09014,45.53181],[-107.09236,45.53144],[-107.09532,45.52875],[-107.09014,45.52875]],
          [[-107.18319,45.51333],[-107.18847,45.51453],[-107.19014,45.51683],[-107.18625,45.51601],[-107.18495,45.51764],[-107.19496,45.52347],[-107.18875,45.52236],[-107.18986,45.52505],[-107.1851,45.52486],[-107.1818,45.51986],[-107.18319,45.51333]],
          [[-107.09014,45.51436],[-107.10137,45.51069],[-107.10166,45.50903],[-107.09903,45.50475],[-107.10264,45.50603],[-107.10514,45.50321],[-107.10819,45.50375],[-107.10542,45.49894],[-107.10292,45.49955],[-107.09764,45.4976],[-107.09639,45.49514],[-107.09014,45.49449]],
          [[-107.09014,45.49333],[-107.09319,45.49322],[-107.09431,45.49169],[-107.09764,45.49281],[-107.10125,45.49135],[-107.10486,45.49364],[-107.10958,45.49331],[-107.11042,45.49101],[-107.11403,45.49018],[-107.11653,45.48797],[-107.11881,45.48847],[-107.11736,45.48702],[-107.10653,45.48697],[-107.10503,45.48569],[-107.10431,45.48251],[-107.09903,45.48458],[-107.09625,45.48206],[-107.09257,45.48319],[-107.09236,45.48503],[-107.09014,45.48465]],
          [[-107.09014,45.47991],[-107.10264,45.47681],[-107.10625,45.47277],[-107.11042,45.47358],[-107.11597,45.47155],[-107.11069,45.47014],[-107.11653,45.46681],[-107.11069,45.46675],[-107.10319,45.46878],[-107.10153,45.46673],[-107.10014,45.4702],[-107.09236,45.47102],[-107.09171,45.46403],[-107.09014,45.46474]],
          [[-107.52986,45.44496],[-107.52614,45.44292],[-107.52986,45.44214]],
          [[-107.20958,45.42924],[-107.21736,45.43084],[-107.21491,45.43236],[-107.21511,45.43347],[-107.21681,45.43542],[-107.21981,45.43514],[-107.22097,45.43738],[-107.22458,45.43616],[-107.22597,45.43733],[-107.23056,45.43764],[-107.22994,45.44347],[-107.22736,45.44406],[-107.22403,45.43907],[-107.22125,45.44077],[-107.21208,45.43388],[-107.20986,45.43394],[-107.21431,45.43864],[-107.21369,45.44042],[-107.21563,45.44125],[-107.21264,45.44244],[-107.20736,45.43774],[-107.20569,45.43901],[-107.20359,45.43736],[-107.20381,45.43514],[-107.20008,45.43347],[-107.20069,45.43181],[-107.20375,45.43318],[-107.20681,45.43278],[-107.20689,45.43042],[-107.20958,45.42924]],
          [[-107.52986,45.44138],[-107.52901,45.44069],[-107.52986,45.4402]],
          [[-107.52986,45.43216],[-107.52871,45.43181],[-107.52986,45.43081]],
          [[-107.28898,45.42014],[-107.28954,45.42375],[-107.28764,45.42456],[-107.28687,45.42097],[-107.28801,45.42014]],
          [[-107.25111,45.42014],[-107.25212,45.42319],[-107.25097,45.42454],[-107.2478,45.42292],[-107.24708,45.42131],[-107.24431,45.42231],[-107.24704,45.42014]],
          [[-107.21076,45.42014],[-107.20921,45.42042],[-107.20903,45.42269],[-107.20458,45.42197],[-107.20496,45.42014]]
        ]
      }
    },
    {
      "type": "Feature",
      "properties": {"kind": "contour", "elevation": 1180},
      "geometry": {
        "type": "MultiLineString",
        "coordinates": [
          [[-107.30319,45.58149],[-107.30704,45.58542],[-107.30116,45.58708],[-107.30431,45.58837],[-107.30622,45.59069],[-107.30181,45.59186],[-107.29663,45.58847],[-107.29466,45.58375],[-107.29514,45.5829],[-107.29986,45.58336],[-107.30319,45.58149]],
          [[-107.25125,45.55873],[-107.25625,45.55895],[-107.25819,45.56198],[-107.26097,45.56161],[-107.26264,45.56358],[-107.26681,45.56238],[-107.27153,45.56532],[-107.27824,45.56653],[-107.27989,45.56875],[-107.2798,45.57181],[-107.28566,45.57486],[-107.28451,45.57569],[-107.28514,45.57714],[-107.28336,45.57764],[-107.28375,45.57917],[-107.27995,45.57931],[-107.28301,45.58181],[-107.27847,45.58162],[-107.27779,45.58236],[-107.27931,45.5836],[-107.27653,45.58286],[-107.27542,45.5849],[-107.27246,45.58403],[-107.27158,45.58153],[-107.26986,45.58059],[-107.26792,45.58355],[-107.26569,45.58423],[-107.26597,45.58595],[-107.26386,45.58514],[-107.26376,45.58403],[-107.26597,45.58318],[-107.26903,45.57931],[-107.27207,45.57847],[-107.27208,45.57602],[-107.27458,45.57791],[-107.27597,45.57484],[-107.27847,45.57459],[-107.27719,45.57264],[-107.27417,45.57153],[-107.27809,45.56931],[-107.27431,45.56763],[-107.27153,45.56883],[-107.26736,45.56456],[-107.26752,45.56931],[-107.26319,45.5686],[-107.26264,45.57047],[-107.25931,45.56609],[-107.25708,45.56582],[-107.25681,45.56438],[-107.25347,45.56312],[-107.25174,45.56486],[-107.25324,45.56653],[-107.24998,45.56653],[-107.25014,45.56891],[-107.24681,45.56825],[-107.24375,45.56976],[-107.24514,45.56682],[-107.24862,45.56542],[-107.24781,45.56125],[-107.24908,45.56042],[-107.24882,45.55903],[-107.25125,45.55873]],
          [[-107.23125,45.54593],[-107.23379,45.54625],[-107.22878,45.54931],[-107.23431,45.55222],[-107.23792,45.55307],[-107.24236,45.55113],[-107.24736,45.55249],[-107.24861,45.55403],[-107.24597,45.55688],[-107.24264,45.55601],[-107.24216,45.55736],[-107.24347,45.55961],[-107.24042,45.55909],[-107.23979,45.55681],[-107.23542,45.55422],[-107.23403,45.55811],[-107.22986,45.55741],[-107.22792,45.55855],[-107.22505,45.55569],[-107.22902,45.55292],[-107.22623,45.54764],[-107.23125,45.54593]],
          [[-107.09014,45.53762],[-107.09375,45.53608],[-107.09309,45.53403],[-107.09542,45.53324],[-107.09506,45.53125],[-107.09792,45.53157],[-107.09819,45.52841],[-107.10375,45.52808],[-107.10704,45.52875],[-107.09968,45.52986],[-107.10167,45.53208],[-107.10118,45.53458],[-107.10569,45.53421],[-107.10662,45.53486],[-107.10522,45.53597],[-107.10597,45.53647],[-107.11236,45.53656],[-107.11653,45.53951],[-107.11875,45.53967],[-107.11962,45.54125],[-107.11548,45.54236],[-107.11736,45.54507],[-107.11069,45.54352],[-107.11186,45.54542],[-107.10944,45.54681],[-107.11525,45.54764],[-107.11403,45.54999],[-107.11011,45.54986],[-107.11398,45.55347],[-107.10736,45.55206],[-107.11075,45.55569],[-107.10942,45.55736],[-107.10625,45.5579],[-107.10074,45.55403],[-107.10261,45.55292],[-107.1039,45.54681],[-107.09982,45.54264],[-107.09993,45.54069],[-107.09597,45.53844],[-107.09347,45.5402],[-107.09292,45.54218],[-107.09014,45.54158]],
          [[-107.09014,45.5194],[-107.09245,45.51625],[-107.09772,45.51458],[-107.09792,45.51653],[-107.09988,45.51792],[-107.09851,45.51903],[-107.10073,45.52375],[-107.09958,45.52579],[-107.09569,45.52344],[-107.09535,45.52597],[-107.09014,45.52647]],
          [[-107.20736,45.4943],[-107.21181,45.49489],[-107.21208,45.49626],[-107.20903,45.49569],[-107.20774,45.49792],[-107.2128,45.49986],[-107.20792,45.50084],[-107.20347,45.50003],[-107.20092,45.50125],[-107.20593,45.50431],[-107.20597,45.50594],[-107.20931,45.50565],[-107.21042,45.50729],[-107.21475,45.50792],[-107.21468,45.50903],[-107.21125,45.50874],[-107.21064,45.50986],[-107.21138,45.51153],[-107.21572,45.51264],[-107.21014,45.51495],[-107.20875,45.51292],[-107.20607,45.51264],[-107.20277,45.50931],[-107.1983,45.50708],[-107.20062,45.50375],[-107.19477,45.49819],[-107.20042,45.49785],[-107.2034,45.49514],[-107.20736,45.4943]],
          [[-107.18511,45.42014],[-107.18542,45.42236],[-107.18727,45.42319],[-107.1862,45.42458],[-107.18767,45.43069],[-107.18576,45.43208],[-107.18658,45.43375],[-107.18531,45.43486],[-107.18934,45.43764],[-107.18097,45.43708],[-107.18065,45.43875],[-107.17847,45.44011],[-107.17681,45.43726],[-107.17347,45.43989],[-107.17069,45.43847],[-107.17092,45.44042],[-107.16931,45.44102],[-107.16514,45.43976],[-107.16589,45.44375],[-107.16319,45.44401],[-107.16292,45.44617],[-107.16063,45.44736],[-107.15931,45.45542],[-107.15505,45.45597],[-107.15639,45.45986],[-107.15022,45.46236],[-107.15188,45.46486],[-107.1512,45.46736],[-107.15375,45.46792],[-107.15764,45.47115],[-107.16276,45.47236],[-107.16236,45.47321],[-107.16125,45.47234],[-107.15792,45.473],[-107.15736,45.47186],[-107.156,45.47264],[-107.1583,45.47847],[-107.15758,45.48097],[-107.16069,45.48029],[-107.16142,45.48403],[-107.16708,45.48324],[-107.17742,45.48903],[-107.18486,45.48925],[-107.18792,45.49267],[-107.18597,45.49342],[-107.18236,45.49245],[-107.18042,45.49492],[-107.17875,45.49206],[-107.16931,45.49131],[-107.16977,45.49347],[-107.16292,45.49508],[-107.15847,45.49175],[-107.15733,45.48931],[-107.14847,45.48634],[-107.14681,45.48885],[-107.14431,45.48722],[-107.13984,45.48764],[-107.14069,45.49208],[-107.13431,45.48926],[-107.13208,45.49265],[-107.12569,45.49225],[-107.12832,45.49625],[-107.12681,45.49736],[-107.12264,45.49607],[-107.11931,45.49726],[-107.11843,45.49819],[-107.12012,45.49986],[-107.11958,45.50069],[-107.10597,45.49697],[-107.10538,45.49625],[-107.10653,45.49529],[-107.11264,45.49562],[-107.11236,45.49189],[-107.11597,45.49388],[-107.11736,45.49122],[-107.12181,45.49342],[-107.12232,45.49042],[-107.12708,45.48892],[-107.12764,45.48486],[-107.12153,45.48556],[-107.11792,45.48249],[-107.11597,45.48452],[-107.10736,45.48454],[-107.10708,45.48084],[-107.10097,45.48077],[-107.10051,45.47958],[-107.10458,45.47792],[-107.10625,45.47376],[-107.11181,45.47668],[-107.11264,45.47401],[-107.11852,45.47431],[-107.11837,45.47181],[-107.12597,45.47219],[-107.1273,45.46986],[-107.12597,45.46898],[-107.12069,45.46925],[-107.11958,45.46796],[-107.11431,45.46958],[-107.1299,45.46264],[-107.12431,45.46106],[-107.12181,45.46215],[-107.12042,45.46063],[-107.11903,45.46231],[-107.11681,45.4613],[-107.11264,45.46362],[-107.10931,45.46113],[-107.10896,45.46542],[-107.10347,45.46681],[-107.10319,45.46403],[-107.10042,45.46039],[-107.09724,45.46819],[-107.09819,45.46934],[-107.09347,45.47019],[-107.09362,45.46042],[-107.09204,45.46069],[-107.09131,45.46292],[-107.09014,45.46276]],
          [[-107.19792,45.44442],[-107.20319,45.44554],[-107.20625,45.44458],[-107.20931,45.44896],[-107.21375,45.44925],[-107.21653,45.45182],[-107.22042,45.45235],[-107.22157,45.45514],[-107.21514,45.45212],[-107.21347,45.45418],[-107.21125,45.45162],[-107.20916,45.45125],[-107.20903,45.44946],[-107.20708,45.44794],[-107.20431,45.4484],[-107.19958,45.44696],[-107.19792,45.44442]],
          [[-107.24989,45.42014],[-107.24986,45.42229],[-107.24798,45.42014]]
        ]
      }
    },
    {
      "type": "Feature",
      "properties": {"kind": "contour", "elevation": 1200},
      "geometry": {
        "type": "MultiLineString",
        "coordinates": [
          [[-107.27736,45.57586],[-107.27986,45.5764],[-107.28106,45.57819],[-107.27764,45.57828],[-107.2779,45.58014],[-107.27962,45.58069],[-107.27542,45.58067],[-107.27319,45.58334],[-107.27371,45.58181],[-107.2717,45.58014],[-107.27531,45.57875],[-107.27736,45.57586]],
          [[-107.24153,45.55166],[-107.24597,45.55334],[-107.24625,45.55488],[-107.24431,45.5558],[-107.24153,45.55398],[-107.24069,45.5561],[-107.23881,45.55542],[-107.23793,45.55403],[-107.24153,45.55166]],
          [[-107.09986,45.53615],[-107.10431,45.5376],[-107.11069,45.53709],[-107.11195,45.53847],[-107.11076,45.53986],[-107.11264,45.54125],[-107.10042,45.53937],[-107.09868,45.53764],[-107.09986,45.53615]],
          [[-107.18224,45.42014],[-107.18104,45.42264],[-107.18403,45.42569],[-107.18451,45.42958],[-107.18226,45.43153],[-107.18221,45.43542],[-107.17993,45.43542],[-107.17847,45.43283],[-107.17569,45.43411],[-107.17403,45.43687],[-107.1723,45.43625],[-107.17181,45.43372],[-107.16764,45.43778],[-107.16153,45.43649],[-107.16192,45.44153],[-107.15878,45.44403],[-107.15915,45.44597],[-107.15671,45.44847],[-107.15869,45.45014],[-107.15714,45.45153],[-107.15803,45.45431],[-107.15313,45.45514],[-107.1522,45.45764],[-107.1546,45.45958],[-107.1477,45.46153],[-107.14913,45.46458],[-107.14798,45.46958],[-107.15208,45.4688],[-107.15432,45.47042],[-107.15319,45.47244],[-107.14992,45.47375],[-107.15458,45.47642],[-107.1566,45.47903],[-107.15251,45.48014],[-107.15894,45.48292],[-107.15812,45.48431],[-107.1626,45.48819],[-107.16188,45.48931],[-107.16408,45.49125],[-107.16347,45.49208],[-107.15986,45.49091],[-107.15834,45.48792],[-107.15458,45.48724],[-107.14875,45.48384],[-107.14514,45.48546],[-107.13819,45.48575],[-107.13653,45.4884],[-107.13097,45.48946],[-107.12903,45.48703],[-107.13375,45.4872],[-107.13743,45.48486],[-107.13792,45.48308],[-107.13514,45.48347],[-107.12653,45.48122],[-107.12514,45.48279],[-107.12181,45.48321],[-107.11986,45.48011],[-107.10958,45.48297],[-107.10847,45.47908],[-107.10563,45.47903],[-107.10597,45.47676],[-107.11208,45.47888],[-107.11372,45.47792],[-107.11403,45.47586],[-107.12097,45.47628],[-107.12069,45.47396],[-107.12431,45.47388],[-107.12653,45.47614],[-107.13172,45.47514],[-107.12877,45.47125],[-107.13628,45.46764],[-107.13069,45.4665],[-107.12875,45.46779],[-107.12655,45.46653],[-107.12986,45.46582],[-107.14181,45.45875],[-107.13236,45.45577],[-107.13181,45.45692],[-107.12403,45.45906],[-107.12076,45.45736],[-107.11903,45.45458],[-107.11764,45.46001],[-107.11236,45.45808],[-107.11264,45.46018],[-107.11097,45.46087],[-107.10708,45.45715],[-107.10701,45.46292],[-107.10597,45.46381],[-107.10334,45.46069],[-107.10181,45.4562],[-107.09944,45.45597],[-107.09632,45.46208],[-107.097,45.46319],[-107.09558,45.46514],[-107.09682,45.46569],[-107.09514,45.46837],[-107.09405,45.45847],[-107.09035,45.45903],[-107.09014,45.46058]]
        ]
      }
    },
    {
      "type": "Feature",
      "properties": {"kind": "contour", "elevation": 1220},
      "geometry": {
        "type": "MultiLineString",
        "coordinates": [
          [[-107.14069,45.46178],[-107.14588,45.46375],[-107.14572,45.47014],[-107.14938,45.47153],[-107.14707,45.47431],[-107.1536,45.47847],[-107.14915,45.47903],[-107.14924,45.47986],[-107.15181,45.48178],[-107.15542,45.48227],[-107.1581,45.48653],[-107.15264,45.48558],[-107.14931,45.48243],[-107.14069,45.4844],[-107.14323,45.48181],[-107.14153,45.48119],[-107.14125,45.47912],[-107.13597,45.48122],[-107.13236,45.47956],[-107.12903,45.48009],[-107.12653,45.47851],[-107.12292,45.47994],[-107.11824,45.47792],[-107.12208,45.47747],[-107.12319,45.47531],[-107.12569,45.47788],[-107.13532,45.47653],[-107.13616,45.47403],[-107.13103,45.47208],[-107.14358,45.46875],[-107.14236,45.46694],[-107.13423,45.46514],[-107.13519,45.46403],[-107.13822,45.46403],[-107.14069,45.46178]],
          [[-107.18058,45.42014],[-107.17687,45.42236],[-107.18096,45.42569],[-107.18125,45.42806],[-107.17375,45.43104],[-107.16931,45.43085],[-107.16941,45.43208],[-107.16649,45.43403],[-107.16625,45.43691],[-107.16375,45.43661],[-107.16037,45.43403],[-107.16017,45.43653],[-107.15793,45.43736],[-107.15988,45.43875],[-107.16005,45.44181],[-107.15645,45.44403],[-107.15764,45.446],[-107.15393,45.44792],[-107.15595,45.45042],[-107.15569,45.45357],[-107.15181,45.45425],[-107.14847,45.45231],[-107.14597,45.45411],[-107.13653,45.45501],[-107.13264,45.45148],[-107.12986,45.45073],[-107.12839,45.45486],[-107.12431,45.45731],[-107.11792,45.45097],[-107.11792,45.4535],[-107.11587,45.45431],[-107.11736,45.45542],[-107.11566,45.45653],[-107.11653,45.45855],[-107.11347,45.45568],[-107.10903,45.45734],[-107.10819,45.4544],[-107.10535,45.45653],[-107.10458,45.45875],[-107.10344,45.45347],[-107.09931,45.45363],[-107.09764,45.45119],[-107.09607,45.45375],[-107.09744,45.45792],[-107.09153,45.45521],[-107.09014,45.45783]]
        ]
      }
    },
    {
      "type": "Feature",
      "properties": {"kind": "contour", "elevation": 1240},
      "geometry": {
        "type": "MultiLineString",
        "coordinates": [
          [[-107.14486,45.47148],[-107.1461,45.47208],[-107.14596,45.47597],[-107.15101,45.47764],[-107.14792,45.47855],[-107.14764,45.48155],[-107.14399,45.47958],[-107.14431,45.47594],[-107.13958,45.47551],[-107.13931,45.47832],[-107.13709,45.47764],[-107.13775,45.47319],[-107.13903,45.47196],[-107.14486,45.47148]],
          [[-107.17899,45.42014],[-107.17568,45.42236],[-107.17826,45.42681],[-107.17514,45.42907],[-107.17375,45.42806],[-107.16958,45.42955],[-107.16708,45.42786],[-107.1679,45.43181],[-107.16517,45.43319],[-107.16506,45.43597],[-107.15958,45.43259],[-107.15903,45.43552],[-107.15605,45.43764],[-107.15863,45.43903],[-107.15913,45.44125],[-107.15708,45.44169],[-107.1555,45.44569],[-107.15285,45.44819],[-107.15461,45.45069],[-107.15403,45.4519],[-107.15248,45.45181],[-107.15105,45.44986],[-107.15069,45.44505],[-107.14514,45.452],[-107.14292,45.45256],[-107.14069,45.45133],[-107.13653,45.45342],[-107.13403,45.44924],[-107.13125,45.44929],[-107.12653,45.44475],[-107.12601,45.44736],[-107.1277,45.45236],[-107.12431,45.45559],[-107.12236,45.45183],[-107.11986,45.45151],[-107.11931,45.44857],[-107.11764,45.44999],[-107.11181,45.44845],[-107.11669,45.45236],[-107.11097,45.45517],[-107.10903,45.45258],[-107.10597,45.45347],[-107.10514,45.45156],[-107.09986,45.45191],[-107.09847,45.44889],[-107.0941,45.45097],[-107.09513,45.45208],[-107.09335,45.45431],[-107.09014,45.45352]],
          [[-107.09014,45.43072],[-107.09181,45.43257],[-107.09319,45.43243],[-107.09292,45.4305],[-107.09804,45.42681],[-107.09014,45.42821]]
        ]
      }
    },
    {
      "type": "Feature",
      "properties": {"kind": "contour", "elevation": 1260},
      "geometry": {
        "type": "MultiLineString",
        "coordinates": [
          [[-107.17794,45.42014],[-107.17492,45.42208],[-107.17514,45.42481],[-107.17659,45.42597],[-107.17542,45.42718],[-107.16986,45.42778],[-107.16931,45.42642],[-107.16431,45.42597],[-107.16655,45.43097],[-107.16375,45.4347],[-107.16085,45.43069],[-107.15867,45.43153],[-107.15792,45.43514],[-107.15483,45.43736],[-107.15787,45.44042],[-107.15461,45.44403],[-107.15431,45.44596],[-107.15219,45.44597],[-107.15377,45.44236],[-107.15292,45.43989],[-107.14986,45.44346],[-107.14497,45.44292],[-107.14692,45.44514],[-107.14347,45.45155],[-107.14097,45.4492],[-107.13625,45.45225],[-107.13501,45.44986],[-107.1365,45.44847],[-107.13614,45.44736],[-107.13161,45.44875],[-107.13192,45.44514],[-107.12875,45.44633],[-107.12837,45.44292],[-107.12597,45.44341],[-107.12375,45.44051],[-107.12251,45.44125],[-107.12476,45.44653],[-107.12361,45.44764],[-107.12621,45.45014],[-107.12543,45.45153],[-107.12626,45.45208],[-107.12442,45.45292],[-107.12486,45.45423],[-107.12279,45.45125],[-107.12052,45.45097],[-107.12116,45.44958],[-107.11986,45.44746],[-107.11653,45.44897],[-107.11597,45.44756],[-107.11375,45.44812],[-107.10931,45.44573],[-107.10986,45.44963],[-107.11181,45.44976],[-107.11319,45.45226],[-107.11569,45.45161],[-107.11579,45.45264],[-107.11097,45.45366],[-107.10958,45.45197],[-107.10681,45.45219],[-107.10569,45.45021],[-107.10028,45.45125],[-107.10078,45.44819],[-107.09875,45.44671],[-107.09597,45.44886],[-107.09069,45.44972],[-107.09069,45.45075],[-107.09354,45.45208],[-107.09014,45.45188]],
          [[-107.09014,45.43286],[-107.09153,45.43414],[-107.09605,45.43458],[-107.09431,45.43069],[-107.10617,45.42542],[-107.09931,45.42369],[-107.09403,45.4263],[-107.09014,45.42669]]
        ]
      }
    },
    {
      "type": "Feature",
      "properties": {"kind": "contour", "elevation": 1280},
      "geometry": {
        "type": "MultiLineString",
        "coordinates": [
          [[-107.17289,45.42014],[-107.17477,45.42097],[-107.17469,45.42569],[-107.17208,45.42671],[-107.17096,45.42653],[-107.17097,45.4251],[-107.16597,45.42489],[-107.16486,45.42374],[-107.16319,45.4244],[-107.16229,45.42542],[-107.16439,45.42792],[-107.16369,45.42931],[-107.16522,45.43069],[-107.16458,45.43164],[-107.16292,45.43267],[-107.16167,45.43014],[-107.15903,45.42879],[-107.15681,45.43474],[-107.15375,45.4371],[-107.15208,45.43428],[-107.15097,45.43542],[-107.15021,45.43764],[-107.15157,45.43903],[-107.14931,45.44238],[-107.14153,45.44105],[-107.14474,45.44514],[-107.14292,45.45002],[-107.14069,45.44844],[-107.13653,45.45146],[-107.13572,45.44986],[-107.13772,45.44847],[-107.13708,45.44681],[-107.13208,45.4481],[-107.13382,45.44431],[-107.13153,45.44415],[-107.12958,45.44579],[-107.12907,45.44431],[-107.13059,45.44153],[-107.12514,45.44033],[-107.12529,45.43736],[-107.12347,45.43689],[-107.12236,45.4398],[-107.11982,45.44014],[-107.12094,45.44153],[-107.11955,45.44319],[-107.12168,45.44375],[-107.12306,45.44569],[-107.12224,45.44792],[-107.12514,45.45024],[-107.12431,45.45123],[-107.11986,45.44654],[-107.11736,45.4478],[-107.11569,45.4465],[-107.11375,45.4474],[-107.11319,45.4454],[-107.11153,45.44577],[-107.10931,45.4441],[-107.10741,45.44458],[-107.10823,45.44653],[-107.10747,45.44792],[-107.10883,45.44875],[-107.10814,45.45014],[-107.11153,45.45255],[-107.10764,45.45151],[-107.10569,45.4496],[-107.10186,45.44931],[-107.10089,45.44653],[-107.09847,45.44525],[-107.09431,45.44852],[-107.09014,45.44844]],
          [[-107.09014,45.43465],[-107.09708,45.43578],[-107.09819,45.43458],[-107.09553,45.43153],[-107.09625,45.43027],[-107.10597,45.42723],[-107.10986,45.42779],[-107.11243,45.42569],[-107.11069,45.4233],[-107.10569,45.42217],[-107.10292,45.42358],[-107.09847,45.42186],[-107.09708,45.4241],[-107.09014,45.42559]]
        ]
      }
    },
    {
      "type": "Feature",
      "properties": {"kind": "contour", "elevation": 1300},
      "geometry": {
        "type": "MultiLineString",
        "coordinates": [
          [[-107.17232,45.42014],[-107.17395,45.42125],[-107.17375,45.42524],[-107.16319,45.42245],[-107.16062,45.42514],[-107.16239,45.42681],[-107.16264,45.42986],[-107.15958,45.42773],[-107.15708,45.42802],[-107.15803,45.43042],[-107.15458,45.43531],[-107.15359,45.43458],[-107.15403,45.43087],[-107.15097,45.43299],[-107.14802,45.43208],[-107.14992,45.43597],[-107.14764,45.43736],[-107.15042,45.43903],[-107.1485,45.44153],[-107.14347,45.44056],[-107.14125,45.43824],[-107.14027,45.44097],[-107.13736,45.44079],[-107.14328,45.44486],[-107.14264,45.44824],[-107.13903,45.44884],[-107.13708,45.44597],[-107.13458,45.446],[-107.1346,45.44347],[-107.13147,45.44292],[-107.13189,45.44069],[-107.12577,45.43931],[-107.12695,45.43819],[-107.12681,45.43618],[-107.12236,45.43443],[-107.12128,45.43681],[-107.12181,45.43898],[-107.11689,45.43931],[-107.11935,45.44153],[-107.11723,45.44319],[-107.12089,45.44458],[-107.12153,45.44661],[-107.11458,45.44605],[-107.11347,45.44459],[-107.10653,45.44209],[-107.10695,45.44931],[-107.10292,45.44867],[-107.10144,45.44597],[-107.09764,45.44415],[-107.09458,45.44768],[-107.09014,45.44773]],
          [[-107.09014,45.43533],[-107.09736,45.43686],[-107.10015,45.43458],[-107.09683,45.43125],[-107.10042,45.4291],[-107.10431,45.42973],[-107.10708,45.42796],[-107.11097,45.43074],[-107.11181,45.42741],[-107.12028,45.42458],[-107.11708,45.42354],[-107.11292,45.42445],[-107.11181,45.42133],[-107.10875,45.42264],[-107.10616,45.42014]],
          [[-107.10447,45.42014],[-107.10347,45.4228],[-107.09718,45.42069],[-107.09653,45.42337],[-107.09014,45.4248]]
        ]
      }
    },
    {
      "type": "Feature",
      "properties": {"kind": "contour", "elevation": 1320},
      "geometry": {
        "type": "MultiLineString",
        "coordinates": [
          [[-107.17158,45.42014],[-107.17339,45.42153],[-107.17347,45.42423],[-107.16208,45.42124],[-107.1596,45.42486],[-107.16125,45.42771],[-107.15708,45.42723],[-107.15514,45.4289],[-107.15458,45.42739],[-107.14958,45.43114],[-107.14458,45.43089],[-107.14813,45.43542],[-107.14523,45.43708],[-107.14873,45.44014],[-107.14403,45.43971],[-107.14042,45.43668],[-107.13521,45.44153],[-107.1421,45.44486],[-107.14179,45.44736],[-107.13958,45.44773],[-107.13569,45.44494],[-107.13208,45.43951],[-107.12822,45.43903],[-107.12875,45.4346],[-107.12458,45.43496],[-107.12125,45.43289],[-107.11904,45.43375],[-107.12043,45.43514],[-107.11939,45.43653],[-107.12076,45.43819],[-107.11653,45.43763],[-107.11531,45.43931],[-107.11727,45.44181],[-107.11605,45.44347],[-107.11847,45.44548],[-107.11514,45.44521],[-107.11181,45.4439],[-107.11114,45.44208],[-107.10875,45.44272],[-107.10625,45.44125],[-107.10486,45.44319],[-107.10681,45.44653],[-107.10574,45.44875],[-107.10338,45.44819],[-107.09986,45.44397],[-107.09681,45.44311],[-107.09458,45.447],[-107.09014,45.44677]],
          [[-107.09014,45.436],[-107.09347,45.43708],[-107.09542,45.43643],[-107.09736,45.43776],[-107.10195,45.43486],[-107.09907,45.43125],[-107.10097,45.42964],[-107.10458,45.43069],[-107.10653,45.4287],[-107.10986,45.43274],[-107.11329,45.43153],[-107.1125,45.42792],[-107.12506,45.42514],[-107.11986,45.42229],[-107.11875,45.42345],[-107.11347,45.42332],[-107.11283,45.42125],[-107.11369,45.42014]],
          [[-107.09554,45.42014],[-107.09569,45.42275],[-107.09014,45.42396]],
          [[-107.10318,45.42014],[-107.10208,45.42211],[-107.09892,45.42014]],
          [[-107.11106,45.42014],[-107.10875,45.4217],[-107.10755,45.42014]]
        ]
      }
    },
    {
      "type": "Feature",
      "properties": {"kind": "contour", "elevation": 1340},
      "geometry": {
        "type": "MultiLineString",
        "coordinates": [
          [[-107.17007,45.42014],[-107.17273,45.42153],[-107.17293,45.42347],[-107.16125,45.42059],[-107.16125,45.42223],[-107.15838,45.42486],[-107.16014,45.42658],[-107.15653,45.42675],[-107.15458,45.42544],[-107.14819,45.43],[-107.14431,45.42717],[-107.14125,45.43125],[-107.14653,45.4342],[-107.14665,45.43542],[-107.13958,45.43594],[-107.13403,45.44074],[-107.13281,45.43847],[-107.12952,45.43875],[-107.13123,45.43375],[-107.12625,45.43363],[-107.11958,45.43164],[-107.11703,45.43375],[-107.11852,45.43514],[-107.11802,45.43653],[-107.11417,45.43764],[-107.11412,45.43986],[-107.11595,45.44181],[-107.11486,45.44352],[-107.11236,45.44351],[-107.11169,45.44153],[-107.10903,45.44209],[-107.10653,45.44056],[-107.10419,45.44153],[-107.10462,45.44569],[-107.10599,45.44681],[-107.10514,45.44801],[-107.10027,45.44347],[-107.09653,45.44232],[-107.09506,45.44264],[-107.09431,45.44634],[-107.09014,45.44606]],
          [[-107.09014,45.4368],[-107.09792,45.43819],[-107.10328,45.43514],[-107.10007,45.43181],[-107.10069,45.43061],[-107.10458,45.4312],[-107.10708,45.42976],[-107.10759,45.43236],[-107.10958,45.43373],[-107.11469,45.43208],[-107.11347,45.42875],[-107.11736,45.42728],[-107.12792,45.42633],[-107.13066,45.42292],[-107.12375,45.42408],[-107.12014,45.42036],[-107.11792,45.42219],[-107.11401,45.42208],[-107.11505,45.42014]],
          [[-107.09456,45.42014],[-107.09486,45.42232],[-107.09014,45.4232]],
          [[-107.10195,45.42014],[-107.10208,45.421],[-107.10104,45.42014]]
        ]
      }
    },
    {
      "type": "Feature",
      "properties": {"kind": "contour", "elevation": 1360},
      "geometry": {
        "type": "MultiLineString",
        "coordinates": [
          [[-107.15974,45.42014],[-107.16002,45.42181],[-107.15752,45.42597],[-107.15458,45.42393],[-107.15097,45.4265],[-107.15069,45.4281],[-107.14903,45.42846],[-107.14597,45.42588],[-107.14236,45.42594],[-107.14236,45.42865],[-107.13935,45.43125],[-107.14549,45.43458],[-107.14514,45.43529],[-107.14069,45.43472],[-107.13542,45.43822],[-107.13125,45.4378],[-107.13134,45.43542],[-107.13332,45.43458],[-107.13236,45.4332],[-107.11958,45.43084],[-107.11636,45.43208],[-107.11643,45.43514],[-107.11283,45.43736],[-107.11458,45.44273],[-107.10653,45.43999],[-107.10311,45.44097],[-107.10375,45.44503],[-107.09542,45.44157],[-107.09401,45.44208],[-107.09347,45.44543],[-107.09014,45.44532]],
          [[-107.09014,45.4396],[-107.09097,45.4374],[-107.09653,45.43901],[-107.10427,45.43569],[-107.10097,45.43121],[-107.10486,45.4316],[-107.10681,45.43051],[-107.10637,45.43264],[-107.10875,45.43437],[-107.11542,45.43274],[-107.11462,45.42958],[-107.11708,45.42801],[-107.12941,45.42736],[-107.12945,45.42542],[-107.13488,45.42181],[-107.13153,45.42204],[-107.13014,45.42086],[-107.12819,45.42301],[-107.12375,45.42314],[-107.12155,45.42014]],
          [[-107.16918,45.42014],[-107.17231,45.42264],[-107.16198,45.42014]],
          [[-107.0938,45.42014],[-107.09461,45.42153],[-107.09236,45.42255],[-107.09014,45.42127]],
          [[-107.11828,45.42014],[-107.11597,45.4214],[-107.11561,45.42014]]
        ]
      }
    },
    {
      "type": "Feature",
      "properties": {"kind": "contour", "elevation": 1380},
      "geometry": {
        "type": "MultiLineString",
        "coordinates": [
          [[-107.09014,45.44035],[-107.09145,45.43986],[-107.09181,45.43791],[-107.09625,45.43964],[-107.10458,45.43651],[-107.10506,45.43514],[-107.10236,45.43204],[-107.10508,45.43236],[-107.10847,45.43495],[-107.11264,45.43326],[-107.11542,45.43375],[-107.11403,45.43623],[-107.11191,45.43681],[-107.11181,45.44041],[-107.10708,45.43939],[-107.10264,45.44013],[-107.10181,45.44298],[-107.09514,45.4408],[-107.09305,45.44181],[-107.0929,45.44486],[-107.09014,45.44473]],
          [[-107.15896,45.42014],[-107.15921,45.42208],[-107.15708,45.42445],[-107.15569,45.42262],[-107.15264,45.42338],[-107.15264,45.42532],[-107.14997,45.42597],[-107.14958,45.42778],[-107.14736,45.42475],[-107.14121,45.42486],[-107.14187,45.42736],[-107.13819,45.43153],[-107.14046,45.43375],[-107.13486,45.43776],[-107.13211,45.43708],[-107.13428,45.43486],[-107.13292,45.43257],[-107.11557,45.43042],[-107.11736,45.42853],[-107.13042,45.42802],[-107.13112,45.42708],[-107.13013,45.42569],[-107.13125,45.42466],[-107.13888,45.42069],[-107.13625,45.42022],[-107.13208,45.42152],[-107.13103,45.42014]],
          [[-107.12919,45.42014],[-107.12736,45.42245],[-107.12319,45.42184],[-107.12286,45.42014]],
          [[-107.16851,45.42014],[-107.16884,45.42097],[-107.16726,45.42014]]
        ]
      }
    },
    {
      "type": "Feature",
      "properties": {"kind": "contour", "elevation": 1400},
      "geometry": {
        "type": "MultiLineString",
        "coordinates": [
          [[-107.09014,45.441],[-107.09181,45.44086],[-107.09264,45.43842],[-107.09454,45.43958],[-107.0921,45.44125],[-107.09248,45.44431],[-107.09014,45.44416]],
          [[-107.11264,45.43373],[-107.1149,45.43431],[-107.11105,45.43653],[-107.11177,45.43903],[-107.11097,45.44008],[-107.10764,45.4388],[-107.10236,45.43961],[-107.10069,45.44185],[-107.09694,45.44042],[-107.10067,45.43792],[-107.10542,45.43689],[-107.10569,45.43397],[-107.10847,45.4356],[-107.11264,45.43373]],
          [[-107.15823,45.42014],[-107.15871,45.42181],[-107.15736,45.4233],[-107.15625,45.4218],[-107.15208,45.42235],[-107.15145,45.42486],[-107.14896,45.42569],[-107.14597,45.42352],[-107.13975,45.42458],[-107.14112,45.42736],[-107.13771,45.42958],[-107.13737,45.43208],[-107.13975,45.43347],[-107.13458,45.4374],[-107.1328,45.43681],[-107.13499,45.43486],[-107.13375,45.43218],[-107.12403,45.43097],[-107.12025,45.42931],[-107.13042,45.42884],[-107.13198,45.42764],[-107.13174,45.42514],[-107.13847,45.42241],[-107.14066,45.42014]],
          [[-107.12835,45.42014],[-107.12736,45.4217],[-107.12403,45.42121],[-107.12366,45.42014]]
        ]
      }
    },
    {
      "type": "Feature",
      "properties": {"kind": "contour", "elevation": 1420},
      "geometry": {
        "type": "MultiLineString",
        "coordinates": [
          [[-107.15748,45.42014],[-107.15792,45.42184],[-107.15569,45.42066],[-107.15403,45.42185],[-107.15125,45.4217],[-107.14958,45.42438],[-107.14569,45.42288],[-107.13875,45.42416],[-107.13818,45.42542],[-107.14037,45.42708],[-107.13678,45.42903],[-107.13662,45.43236],[-107.13816,45.43347],[-107.13458,45.43686],[-107.13566,45.43486],[-107.1345,45.43181],[-107.12172,45.42958],[-107.13097,45.42947],[-107.13322,45.42792],[-107.13264,45.42547],[-107.14282,45.42014]]
        ]
      }
    },
    {
      "type": "Feature",
      "properties": {"kind": "contour", "elevation": 1440},
      "geometry": {
        "type": "MultiLineString",
        "coordinates": [
          [[-107.13597,45.4251],[-107.13975,45.42708],[-107.13615,45.42875],[-107.13569,45.43138],[-107.13188,45.43042],[-107.13428,45.42792],[-107.13377,45.42597],[-107.13597,45.4251]],
          [[-107.15471,45.42014],[-107.15375,45.42129],[-107.1502,45.42125],[-107.14903,45.42342],[-107.14105,45.42236],[-107.145,45.42014]]
        ]
      }
    },
    {
      "type": "Feature",
      "properties": {"kind": "contour", "elevation": 1460},
      "geometry": {
        "type": "MultiLineString",
        "coordinates": [
          [[-107.15365,45.42014],[-107.14986,45.42059],[-107.14875,45.4226],[-107.14305,45.42181],[-107.14613,45.42014]]
        ]
      }
    },
    {
      "type": "Feature",
      "properties": {"kind": "contour", "elevation": 1480},
      "geometry": {
        "type": "MultiLineString",
        "coordinates": [
          [[-107.14924,45.42014],[-107.14792,45.42155],[-107.14681,45.42097],[-107.14761,45.42014]]
        ]
      }
    },
    {
      "type": "Feature",
      "properties": {"kind": "work", "name": "Cheyenne"},
      "geometry": {"type": "Point", "coordinates": [-107.444,45.5595]}
    },
    {
      "type": "Feature",
      "properties": {"kind": "work", "name": "Sans Arc"},
      "geometry": {"type": "Point", "coordinates": [-107.4235,45.5505]}
    },
    {
      "type": "Feature",
      "properties": {"kind": "work", "name": "Oglala"},
      "geometry": {"type": "Point", "coordinates": [-107.4275,45.5455]}
    },
    {
      "type": "Feature",
      "properties": {"kind": "work", "name": "Miniconjou"},
      "geometry": {"type": "Point", "coordinates": [-107.4215,45.5395]}
    },
    {
      "type": "Feature",
      "properties": {"kind": "work", "name": "Blackfeet"},
      "geometry": {"type": "Point", "coordinates": [-107.4265,45.5335]}
    },
    {
      "type": "Feature",
      "properties": {"kind": "work", "name": "Hunkpapa"},
      "geometry": {"type": "Point", "coordinates": [-107.4205,45.529]}
    },
    {
      "type": "Feature",
      "properties": {"kind": "place", "name": "The divide"},
      "geometry": {"type": "Point", "coordinates": [-107.139,45.445]}
    },
    {
      "type": "Feature",
      "properties": {"kind": "place", "name": "Reno Creek"},
      "geometry": {"type": "Point", "coordinates": [-107.27051,45.48855]}
    },
    {
      "type": "Feature",
      "properties": {"kind": "place", "name": "Medicine Tail Coulee"},
      "geometry": {"type": "Point", "coordinates": [-107.4005,45.5487]}
    },
    {
      "type": "Feature",
      "properties": {"kind": "place", "name": "Last Stand Hill"},
      "geometry": {"type": "Point", "coordinates": [-107.4269,45.5703]}
    },
    {
      "type": "Feature",
      "properties": {"kind": "place", "name": "Weir Point"},
      "geometry": {"type": "Point", "coordinates": [-107.3928,45.5342]}
    },
    {
      "type": "Feature",
      "properties": {"kind": "place", "name": "Reno Hill"},
      "geometry": {"type": "Point", "coordinates": [-107.3775,45.5219]}
    },
    {
      "type": "Feature",
      "properties": {"kind": "place", "name": "Little Bighorn River"},
      "geometry": {"type": "Point", "coordinates": [-107.46319,45.5961]}
    }
  ]
}
